id,status,video_id,title,url,posted_date,upload_time,language,platform,series_name,episode_number,created_by,created_at,genre,theme,world_setting,tone,emotion_type,target_emotion,audience_type,trend_reference,main_character,main_character_type,main_character_trait,sub_character,villain_character,character_relationship,character_count,hook,zero_second_abnormality,viewer_question,scroll_stop_reason,first_visual_impact,thumbnail_frame_description,opening_motion,opening_camera,opening_sound,story_structure,setup_phase,understanding_phase,surprise_phase,peak_phase,loop_phase,loop_type,ending_type,gimmick_main,gimmick_sub,scale_type,transformation_type,physics_style,chaos_level,cute_level,comedy_level,action_level,visual_style,art_style,camera_style,lighting_style,color_style,motion_style,background_style,special_effects,scene_density,focus_target,dialogue_hook,dialogue_main,sound_hook,music_style,sound_effects,voice_style,codex_prompt_1,codex_prompt_2,visual_prompt,negative_prompt,seedance_prompt,image_model,video_model,workflow_name,generation_settings,views,likes,comments,shares,subscribers_gained,impressions,ctr,shorts_feed,traffic_source,average_view_duration,average_view_percentage,rewatch_rate,watch_time_hours,result,result_score,success_reason,failure_reason,viewer_retention_drop_point,strongest_moment,weakest_moment,algorithm_assumption,competitor_similarity,next_idea,improvement_plan,variation_direction,recommended_hook,recommended_character,recommended_gimmick,tags,keywords,search_keywords,visual_keywords,emotion_keywords,hook_keywords,,,,,,,,,,
1,,bnSTieHk8SE,巨大メロンソーダに吸い込まれる絶叫ドーナツ！AIで作りました！,https://youtube.com/shorts/bnSTieHk8SE,2026/5/7,,ja,YouTube Shorts,,,,2026/5/8,コメディ,食品キャラクターの世界,,ポジティブでドタバタ,,,,,トマト王,トマト王,,,,,,,0秒で王冠が爆発,,,,,,,,野菜たちが驚く,,,,,,,,,,,,,,,,,3Dアニメ風,かわいいシネマ調,,,,,,,中,,,,,,,,,,,,,,,,,3,0,0,,0,,,0,,0,0,,0,strong,75,,,,,,,,,,,,,,,,,,,,,,,,,,,,,
2,,JPx6BzPWz2E,冷蔵庫の法廷で有罪判決を受ける巨大いちご！AIで作りました！,https://youtube.com/shorts/JPx6BzPWz2E,2026/5/7,,ja,YouTube Shorts,,,,2026/5/8,コメディ,食品キャラクターの世界,,ポジティブでドタバタ,,,,,ドーナツ,ドーナツ,,,,,,,メロンソーダに吸い込まれる,,,,,,,,「吸われる側」から「巨大化して反撃」,,,,,,,,,,,,,,,,,3Dアニメ風,かわいいシネマ調,,,,,,,中,,,,,,,,,,,,,,,,,9,0,0,,0,,,2,,0,0,,0,strong,80,フォークが怖い。観客の反応も臨場感がある。,,,,,,,,,,,,,,,,,,,,,,,,,,,,
3,,SD_tXInsXT0,巨大トースターから飛び出す泣き叫ぶ食パン市長！AIで作りました！,https://youtube.com/shorts/SD_tXInsXT0,2026/5/7,,ja,YouTube Shorts,,,,2026/5/8,コメディ,食品キャラクターの世界,,ポジティブでドタバタ,,,,,巨大いちご,巨大いちご,,,,,,,0秒で巨大フォーク、有罪判決、泣く巨大いちご,,,,,,,,氷の檻、証拠、巨大化、種の暴発、ヘタの盾、王座出現,,,,,,,,,,,,,,,,,3Dアニメ風,かわいいシネマ調,,,,,,,中,,,,,,,,,,,,,,,,,6,0,0,,0,,,0,,0,0,,0,average,50,,,,,,,,,,,,,,,,,,,,,,,,,,,,,
4,,lSWj8FS4vac,巨大ミキサーの刃から逃げる泣き叫ぶバナナ！AIで作りました！,https://youtube.com/shorts/lSWj8FS4vac,2026/5/7,,ja,YouTube Shorts,,,,2026/5/8,コメディ,食品キャラクターの世界,,ポジティブでドタバタ,,,,,食パン市長,食パン市長,,,,,,,0秒で発射、火花、黒煙、絶叫顔,,,,,,,,回転、連射、バター放水、巨大化、レバー反撃、光の停止,,,,,,,,,,,,,,,,,3Dアニメ風,かわいいシネマ調,,,,,,,中,,,,,,,,,,,,,,,,,14,0,1,,0,,,0,,0,0,,0,viral,95,ミキサーが迫力がある。スピーディーな展開。,,,,,,,,,,,,,,,,,,,,,,,,,,,,
5,,elRZHAn0nX4,巨大フライ返しで宙に投げられる目玉焼き刑事！AIで作りました！,https://youtube.com/shorts/elRZHAn0nX4,2026/5/7,,ja,YouTube Shorts,,,,2026/5/8,コメディ,食品キャラクターの世界,,ポジティブでドタバタ,,,,,バナナ,バナナ,,,,,,,0秒で落下中のバナナ、回転刃、赤い警告光,,,,,,,,皮パラシュート、失敗、ぶどうロープ、涙の火花、氷リング、列車出現,,,,,,,,,,,,,,,,,3Dアニメ風,かわいいシネマ調,,,,,,,中,,,,,,,,,,,,,,,,,4,0,0,,0,,,7,,0,0,,0,average,50,,,,,,,,,,,,,,,,,,,,,,,,,,,,,
6,,32fFM55JT8Y,巨大自動改札に吸い込まれる泣き顔たい焼き駅長！AIで作りました！,https://youtube.com/shorts/32fFM55JT8Y,2026/5/8,,ja,YouTube Shorts,,,,2026/5/8,コメディ,食品キャラクターの世界,食品たちが通勤する朝の駅,ポジティブでドタバタ,焦りから奇跡,何これ！？から助かった！,,,たい焼き駅長,たい焼き,まじめで涙目だが根性がある,,,,1,0秒で巨大自動改札に吸い込まれるたい焼き駅長,0秒で巨大改札バーがたい焼き駅長の顔の目前で暴走閉鎖,たい焼き駅長は改札に吸い込まれるの？,巨大改札と泣き顔アップで危機が即伝わる,中央のたい焼き駅長を赤い改札バーと吸引風が画面いっぱいに囲む,朝の駅構内で泣き顔のたい焼き駅長が巨大改札に吸い込まれそうな瞬間,改札バーが火花を散らして急接近しカメラが揺れる,超広角ローアングルから顔面へ急接近,ピンポーン、ギュイーン、バチン,暴走改札の危機から奇跡の駅復旧へ繋ぐ高速ループ,0秒で巨大改札バーが暴走してたい焼き駅長を吸い込む,駅中の改札が連鎖暴走し食品通勤客がパニックになる,光る切符が巨大化してたい焼き駅長を弾き返す,たい焼き駅長が金色に発光し改札全体を一瞬で復旧させる,復旧した改札が最後にまた赤く点滅して最初の閉鎖へ戻る,赤ランプ再点滅ループ,復旧直後の再暴走予告,巨大自動改札,光る切符、赤ランプ、吸引風、駅全体の復旧,巨大サイズ差,暴走改札が奇跡の光ゲートへ変化,吸引、弾き返し、コミカルな反発,8,8,8,8,3Dアニメ風,かわいいシネマ調,急接近、ローアングル、回転ズーム,朝の斜光と赤い警告ライトから金色の復旧光へ,金色のたい焼き、赤いバー、青白い駅、最後は金色の光,急接近、吸引、回転、発光、全復旧、再点滅,整理された朝の駅改札,火花、風の渦、光る切符、金色の波紋,中,たい焼き駅長の顔と巨大改札バー,,,ピンポーン！ギュイーン！バチン！,高速コメディ,警告音、吸引音、火花、復旧チャイム,なし,,Codex2: 15秒構成化,0秒で巨大改札バーが泣き顔たい焼き駅長の目前に迫り、15秒で暴走から奇跡の復旧、最後に赤ランプ再点滅でループ,"text, logo, human, horror, gore, dirty, cluttered, static shot, long dialogue","15 second 9:16 YouTube Shorts, start with the reference image in motion: cute taiyaki stationmaster centered, giant red ticket gate bars slam shut, camera shake, suction wind, glowing ticket, station gates chain-react, taiyaki bounces back and glows gold, the whole station is restored, final red warning light blinks and loops back to the first gate slam, no text, no logo, anthropomorphic food characters only, fast pacing, cinematic lighting, high contrast",,,,,4,0,0,,0,,,2,,0,0,,0,failed,10,,怖くない。たいくつ。,3秒以降に変化が止まると離脱しやすい,10秒でたい焼き駅長が金色に発光して駅全体を復旧させる瞬間,1〜3秒の状況理解が説明的になると弱い,,,次は券売機が巨大ガチャ化して別の食品キャラを吐き出す展開,各秒に赤ランプ、吸引、発光、復旧の視覚変化を必ず入れる,駅ギミック継続、調理器具ではなく公共設備の異常で差別化,0秒で巨大改札バーが顔の目前で暴走閉鎖,たい焼き駅長,暴走改札が奇跡の光ゲートへ変わる,食品キャラ;たい焼き;駅;改札;15秒構成;ループ,たい焼き駅長;巨大改札;暴走;光る切符;駅復旧,食品キャラ ショート動画 たい焼き 改札,赤い改札バー;吸引風;金色発光;駅構内;再点滅,焦り;驚き;奇跡;安心;再パニック,0秒;巨大改札;暴走閉鎖;吸い込まれる;ループ,,,,,,,,,,
7,,gwG2-pgtR7Q,巨大クレーンアームに持ち上げられる涙目おにぎり警備員！AIで作りました！,https://youtube.com/shorts/gwG2-pgtR7Q,2026/5/8,,ja,YouTube Shorts,,,,2026/5/8,コメディ,食品キャラクターの世界,食品たちが遊ぶ夜のゲームセンター,ポジティブでドタバタ,焦りから大逆転,何これ！？から助かったと思ったのに！,,,おにぎり警備員,おにぎり,まじめで小心者だが最後に踏ん張る,,,,1,0秒で巨大クレーンアームに持ち上げられる涙目おにぎり警備員,0秒で巨大クレーンアームがおにぎり警備員の頭をつかんで持ち上げる,おにぎり警備員は景品にされるの？,巨大アームと涙目顔アップで景品化の異常が即伝わる,中央の涙目おにぎりを銀色アームが上からつかみネオン空間へ引き上げる,ネオンのゲームセンターで巨大クレーンアームに頭をつかまれたおにぎり警備員の絶叫顔,アームがガシャンと閉じておにぎり警備員を床から浮かせる瞬間,真下から見上げる超広角ローアングルで顔面へ急接近,ガシャン、ピコピコ、ブブー,景品化の危機から巨大当たりカプセル暴走へ繋ぐ高速ループ,0秒で巨大アームがおにぎり警備員を景品のようにつかむ,ゲームセンター中の筐体が暴走し食品たちが景品カプセルにされかける,おにぎり警備員の海苔が非常ブレーキのように伸びてアームに絡む,巨大当たりカプセルが割れてネオンのクッション山が完成し全員を受け止める,安心した直後に当たり穴が光り別の巨大アームが上から降りる,当たり穴発光からアーム再降下ループ,助かった直後の再景品化予告,巨大クレーンゲームのアーム,当たり穴、巨大景品カプセル、ネオンのクッション山,巨大サイズ差,景品カプセルが巨大クッション山へ変化,つかむ、振り回す、跳ね返る、やわらかく着地,8,8,8,8,3Dアニメ風,かわいいシネマ調,ローアングル急接近、横回転、最後に最初の見上げ構図へ戻る,ピンクとシアンのネオンから虹色の当たり光へ,白黒のおにぎり、銀色アーム、ピンクとシアンのネオン、虹色カプセル,急降下、つかむ、振り子揺れ、海苔ブレーキ、カプセル破裂、再降下,整理された夜のゲームセンター,金属火花、ネオン反射、星形スパーク、虹色カプセル光,中,おにぎり警備員の顔と巨大アーム,,,ガシャン！ピコピコ！ブブー！,高速アーケード風コメディ,金属音、警告音、カプセル破裂音、当たりチャイム,なし,2026_05_08_giant_claw_codex1.txt,Codex2: 15秒構成化,0秒で巨大クレーンアームがおにぎり警備員を持ち上げ、15秒で巨大カプセル暴走から当たり穴再発光へループする,"text, logo, human, horror, gore, dirty, cluttered, static shot, long dialogue","15 second 9:16 YouTube Shorts, start from the reference image: cute rice ball security guard centered, giant silver claw machine arm grabs and lifts it, camera shake and neon arcade lights, claw swings the rice ball toward the prize chute, glowing capsules roll out, the rice ball seaweed stretches like an emergency brake, a giant rainbow prize capsule bursts into a soft cushion mountain, everyone is saved, then the prize chute glows again and another giant claw descends to loop back, no text, no logo, anthropomorphic food characters only, fast pacing, cinematic lighting, high contrast",,,,,4,0,1,,0,,,,,0,0,,0,strong,90,涙目おにぎり警備員の感情が分かりやすい,,3〜5秒で振り回しだけが続くと離脱しやすい,10秒で巨大当たりカプセルが割れてネオンのクッション山が完成する瞬間,1〜3秒の筐体暴走が背景だけになると弱い,,,次はプリクラ機のフラッシュで食品キャラが巨大シール化する展開,各秒にアーム位置、表情、カプセル数、光色の変化を入れる,ゲームセンター内の別筐体へ展開しつつ景品化ギミックを継続,0秒で巨大クレーンアームが頭をつかんで持ち上げる,おにぎり警備員,巨大アームと当たり穴再発光ループ,食品キャラ;おにぎり;ゲームセンター;クレーンゲーム;15秒構成;ループ,おにぎり警備員;巨大クレーンアーム;景品化;当たりカプセル;ゲームセンター,食品キャラ ショート動画 おにぎり クレーンゲーム,巨大アーム;当たり穴;虹色カプセル;ネオン;涙目アップ,焦り;驚き;大逆転;安心;再パニック,0秒;巨大クレーン;景品化;持ち上げ;ループ,,,,,,,,,,
8,,bXr--eIRUYM,巨大スーツケースに押し潰されそうな涙目マカロンCA！AIで作りました！,https://youtube.com/shorts/bXr--eIRUYM,2026/5/8,,ja,YouTube Shorts,,,,2026/5/8,コメディ,食品キャラクターの世界,食品たちが利用する明るい空港の手荷物受取場,ポジティブでドタバタ,焦りから奇跡,何これ！？から助かったと思ったのに！,,,マカロンCA,マカロン,上品だが慌てやすく最後に機転を利かせる,,,,1,0秒で巨大スーツケースに押し潰されそうな涙目マカロンCA,0秒で巨大スーツケースが手荷物レーンから飛び出しマカロンCAの目前に迫る,マカロンCAは巨大荷物に押し潰されるの？,巨大黄色スーツケースと涙目顔アップで危機が即伝わる,中央の涙目マカロンCAへ巨大な黄色スーツケースが斜め上から迫る,明るい空港で巨大スーツケースに押し潰されそうなマカロンCAの絶叫顔,ベルトコンベアから巨大スーツケースが跳ね上がり主役へ急接近する瞬間,荷物レーン目線の超広角ローアングルで顔面へ急接近,ゴトン、ピンポン、ブオーン,巨大荷物の圧迫危機から救命クッション化へ繋ぐ空港ループ,0秒で巨大スーツケースが手荷物レーンから飛び出しマカロンCAへ迫る,手荷物レーンが暴走して巨大荷物を次々に吐き出す,マカロンCAのスカーフが荷物タグをまとめて引っ張り非常停止ラインを作る,巨大スーツケースが開いてふわふわ旅行クッションへ変形し主役を包む,安心した直後にレーン奥からさらに巨大なスーツケースの角が現れる,レーン奥の巨大荷物再出現ループ,救助直後の次の荷物予告,巨大スーツケース,暴走手荷物レーン、光る荷物タグ、旅行クッション,巨大サイズ差,巨大スーツケースが救命クッションへ変形,跳ね上がり、急接近、回転、ふわふわ吸収,8,9,8,8,3Dアニメ風,かわいいシネマ調,荷物レーン目線の急接近、横スライド、最後に最初のローアングルへ戻る,白い空港照明と黄色警告ライトからパステルの奇跡光へ,ピンクのマカロン、黄色スーツケース、白と水色の空港、パステル紙吹雪,飛び出す、急接近、ベルト高速化、タグ旋回、クッション変形、再出現,整理された明るい空港の手荷物受取場,荷物タグの紙吹雪、警告ライン、パステル光、スピード線,中,マカロンCAの顔と巨大スーツケース,,,ゴトン！ピンポン！ブオーン！,軽快な空港コメディ,重い荷物音、警告チャイム、ベルト駆動音、クッション展開音,なし,2026_05_08_giant_suitcase_codex1.txt,Codex2: 15秒構成化,0秒で巨大スーツケースがマカロンCAへ迫り、15秒で救命クッション化からさらに巨大な荷物再出現へループする,"text, logo, human, horror, gore, dirty, cluttered, static shot, long dialogue","15 second 9:16 YouTube Shorts, start from the reference image: cute pink macaron flight attendant centered, giant yellow suitcase bursts out from airport baggage carousel and rushes toward her, camera shake, bright airport lights, baggage belt speeds up and throws more suitcases, luggage tags swirl into a warning ribbon, the giant suitcase opens and transforms into a soft pastel travel cushion that saves the macaron, then a bigger suitcase corner appears from the far end of the carousel to loop back, no text, no logo, anthropomorphic food characters only, fast pacing, cinematic lighting, high contrast",,,,,19,0,1,,0,,,,,0,0,,0,viral_candidate,90,巨大スーツケースの異常性が強い。涙目マカロンCAの感情が瞬時に伝わる。職業キャラで世界観理解が早い。巨大物とのサイズ差が強い。繰り返し視聴性能が高い。,,3〜5秒でベルト移動だけになると離脱しやすい,10秒で巨大スーツケースが開いてふわふわ旅行クッションへ変形する瞬間,1〜3秒の空港状況説明が背景だけになると弱い,,,次は搭乗ゲートの巨大スタンプで食品キャラがパスポート写真化する展開,各秒に荷物の距離、ベルト速度、タグの動き、表情の変化を入れる,空港内の別設備へ展開しつつ巨大荷物ギミックで差別化,0秒で巨大スーツケースが手荷物レーンから飛び出す,マカロンCA,巨大スーツケースの救命クッション化と再出現ループ,食品キャラ;マカロン;空港;手荷物レーン;スーツケース;15秒構成;ループ,マカロンCA;巨大スーツケース;手荷物レーン;救命クッション;空港,食品キャラ ショート動画 マカロン 空港 手荷物,巨大スーツケース;荷物タグ;パステルクッション;空港;涙目アップ,焦り;驚き;奇跡;安心;再パニック,0秒;巨大荷物;手荷物レーン;急接近;ループ,,,,,,,,,,
9,,yGgHqNQ4RY8,巨大レジスキャナーに読み取られる涙目プリン店長！AIで作りました！,https://youtube.com/shorts/yGgHqNQ4RY8,2026/5/8,,ja,YouTube Shorts,,,,2026/5/9,コメディ,食品キャラクターの世界,食品たちが買い物する明るいスーパーのセルフレジ,ポジティブでドタバタ,焦りから大逆転,何これ！？から助かったと思ったのに！,,,プリン店長,プリン,まじめでぷるぷる震えやすく最後に店長らしく踏ん張る,,,,1,0秒で巨大レジスキャナーに読み取られる涙目プリン店長,0秒で巨大セルフレジの赤いレーザーがプリン店長の顔を横切り巨大価格シールが目前に迫る,プリン店長は商品として会計されるの？,赤いレーザーと巨大価格シールが顔の目前にあり逃げ場のない商品化危機が一瞬で伝わる,中央の涙目プリン店長の顔を赤いスキャナー光が横切り巨大価格シールが斜め前から迫る,明るいスーパーのセルフレジで赤いレーザーに読み取られ巨大価格シールを貼られそうなプリン店長の絶叫顔,赤いレーザーが顔を横切り価格シールがバチンと貼られる寸前,セルフレジ台の上から見上げる超広角ローアングルで顔面へ急接近,ピッ、ブブー、バチン,商品化危機から店長認証への反転で原因回収する高速ループ,0秒で赤いレーザーが顔を横切り巨大価格シールが目前に迫る,セルフレジ台が暴走し食品客まで商品として読み取り始める,プリン店長のカラメルが光り価格シールをレシートリボンのように巻き取る,巨大価格シールが店長認証バッジへ変形しセルフレジ全体を一瞬だけ停止させる,認証バッジの光が強すぎて奥の巨大スキャナーを起動し最初の赤レーザーへ戻る,店長認証が次の巨大スキャンを起動する原因回収ループ,助かった原因が次の危機になる再起動予告,巨大レジスキャナー,巨大価格シール、レシートリボン、店長認証バッジ,巨大サイズ差,巨大価格シールが店長認証バッジへ変形,レーザー走査、シール連射、ぷるぷる反発、リボン巻き取り,8,8,9,8,3Dアニメ風,かわいいシネマ調,ローアングル急接近、横スライド、最後に最初の顔面構図へ戻る,白いスーパー照明と赤いスキャナー光から金色の認証光へ,黄色いプリン、赤いレーザー、白いセルフレジ、金色認証光,読み取り、急接近、シール連射、ぷるぷる反発、巻き取り、再スキャン,整理された明るいスーパーのセルフレジ,赤いレーザー線、価格シールの嵐、レシートリボン、金色認証光,中,プリン店長の顔と赤いレーザー,,,ピッ！ブブー！バチン！,高速スーパーコメディ,スキャン音、警告音、シール発射音、レシート巻き取り音、認証チャイム,なし,2026_05_09_giant_scanner_codex1.txt,Codex2: analysis-reflected 15秒構成化,0秒で巨大レジスキャナーがプリン店長を読み取り、15秒で価格シールが店長認証に変形し、その認証光が次の巨大スキャンを起動してループする,"text, logo, human, horror, gore, dirty, cluttered, static shot, long dialogue, weak danger","15 second 9:16 YouTube Shorts, start from the reference image: cute yellow pudding store manager centered on a bright supermarket self checkout counter, giant red barcode scanner laser cuts across the face, huge price sticker rushes in, camera shake, self checkout belt starts moving, price stickers fire rapidly, pudding trembles and bounces them away, caramel top glows, stickers become a long receipt ribbon, the ribbon wraps into a golden manager authentication badge and freezes the register, then the badge light accidentally activates a larger scanner in the background and the red laser returns to loop, no text, no logo, anthropomorphic food characters only, fast pacing, cinematic lighting, high contrast",,,,,19,0,0,,0,,,,,0,0,,0,,,,,3〜5秒でシール連射だけが続くと離脱しやすい,10秒で巨大価格シールが金色の店長認証バッジへ変形する瞬間,1〜3秒のセルフレジ暴走が説明的になると弱い,,,次は巨大コピー機に吸い込まれる泣き顔クッキー先生でコピー化危機を試す,3〜8秒はレーザー幅、シール量、主役の位置、表情を毎秒変える,商品化ギミックを継続しつつ次はコピー機や宅配箱など別設備へ展開,0秒で赤いレーザーが顔を横切り巨大価格シールが迫る,プリン店長,巨大価格シールが店長認証に変わる原因回収ループ,食品キャラ;プリン;スーパー;セルフレジ;レジスキャナー;15秒構成;ループ,プリン店長;巨大レジスキャナー;価格シール;店長認証;商品化,食品キャラ ショート動画 プリン セルフレジ レーザー,赤いレーザー;巨大価格シール;レシートリボン;金色認証;涙目アップ,焦り;驚き;大逆転;安心;再パニック,0秒;巨大レジスキャナー;読み取られる;商品化;価格シール;ループ,,,,,,,,,,
10,,,巨大コピー機に吸い込まれる泣き顔クッキー先生,,2026/5/9,,ja,YouTube Shorts,,,,2026/5/9,コメディ,食品キャラクターの世界,食品たちが通う学校の明るい職員室,ポジティブでドタバタ,焦りから大逆転,何これ！？から助かったと思ったのに！,,,クッキー先生,クッキー,まじめで面倒見がよく最後に先生らしく踏ん張る,,,,1,0秒で巨大コピー機に吸い込まれる泣き顔クッキー先生,0秒で巨大コピー機の白い光がクッキー先生の顔を照らし紙送り口へ吸い込む,クッキー先生はコピーされるの？,白いコピー光と紙送りローラーが顔の目前にあり逃げ場のないコピー化危機が一瞬で伝わる,中央の泣き顔クッキー先生が白いコピー光に照らされ巨大な紙送り口へ引き込まれる,明るい職員室で巨大コピー機に吸い込まれそうなクッキー先生の涙目絶叫顔,コピー機の白い光が顔面を走り紙送りローラーが回転して主役を吸い込む瞬間,コピー機のガラス面すれすれから見上げる超広角ローアングルで顔面へ急接近,ウィーン、ピピピ、ガコン,コピー化危機から出席簿スタンプへの反転で原因回収する高速ループ,0秒で白いコピー光が顔を照らし紙送りローラーが主役を吸い込む,職員室のプリント用紙が暴走し食品先生たちまでコピーされかける,クッキー先生のチョコチップが黒丸スタンプのように光り紙を集める,飛び出したコピー用紙が巨大出席簿に変形しコピー機を一瞬だけ停止させる,出席簿の丸印が強く光りコピー機の再コピー機能を起動して最初へ戻る,出席簿の丸印が再コピーを起動する原因回収ループ,助かった原因が次のコピー危機になる再起動予告,巨大コピー機,白いコピー光、紙送りローラー、巨大出席簿,巨大サイズ差,コピー用紙が巨大出席簿へ変形,吸引、ローラー回転、紙の渦、スタンプ反発,8,8,8,8,3Dアニメ風,かわいいシネマ調,ガラス面ローアングル急接近、紙の渦に合わせた回転、最後に最初の吸引構図へ戻る,白い蛍光灯と強烈なコピー光から金色の先生スタンプ光へ,茶色のクッキー、白いコピー光、薄緑の職員室、金色スタンプ光,吸い込み、光走査、紙の渦、チョコチップ発光、出席簿変形、再コピー,整理された学校の職員室,白いスキャン光、紙吹雪、紙の竜巻、金色スタンプ光,中,クッキー先生の顔と紙送りローラー,,,ウィーン！ピピピ！ガコン！,高速学校コメディ,コピー音、警告音、ローラー音、紙の渦音、スタンプ音,なし,2026_05_09_giant_copier_codex1.txt,Codex2: analysis-reflected 15秒構成化,0秒で巨大コピー機がクッキー先生を吸い込み、15秒でコピー用紙が巨大出席簿に変形し、その丸印が再コピーを起動してループする,"text, logo, human, horror, gore, dirty, cluttered, static shot, long dialogue, weak danger","15 second 9:16 YouTube Shorts, start from the reference image: cute cookie teacher centered in a bright school staff room, giant photocopier white scanning light flashes across the face, paper feeder rollers pull the cookie toward the slot, camera shake, loose papers fly, the copier spits out pages rapidly, chocolate chips glow like black attendance stamps, pages swirl into a giant attendance book that stops the copier, then the attendance mark glows too brightly and activates the copier again, returning to the first white scan, no text, no logo, anthropomorphic food characters only, fast pacing, cinematic lighting, high contrast",,,,,,,,,,,,,,,,,,,,,,3〜5秒で紙が舞うだけになると離脱しやすい,10秒でコピー用紙の渦が巨大出席簿へ変形する瞬間,1〜3秒の職員室パニックが背景だけになると弱い,,,次は巨大宅配箱に閉じ込められる絶叫カップケーキ配達員で梱包危機を試す,3〜8秒は紙の量、ローラー距離、表情、光色、カメラ角度を毎秒変える,学校設備ギミックを継続しつつ次は下駄箱や黒板消しなど別設備へ展開,0秒で白いコピー光が顔を照らし紙送り口へ吸い込む,クッキー先生,コピー用紙が巨大出席簿に変わる原因回収ループ,食品キャラ;クッキー;学校;職員室;コピー機;15秒構成;ループ,クッキー先生;巨大コピー機;紙送りローラー;出席簿;コピー化,食品キャラ ショート動画 クッキー コピー機 学校,白いコピー光;紙送りローラー;紙の渦;巨大出席簿;涙目アップ,焦り;驚き;大逆転;安心;再パニック,0秒;巨大コピー機;吸い込まれる;コピーされる;紙送り口;ループ,,,,,,,,,,
11,,4IqfgwFObHM,0.1秒後、カップケーキ配達員が梱包されます！#Shorts,https://youtube.com/shorts/4IqfgwFObHM,2026/5/9,,ja,YouTube Shorts,,,,2026/5/9,コメディ,食品キャラクターの世界,食品たちの荷物が集まる明るい宅配センター,ポジティブでドタバタ,焦りから大逆転,何これ！？から助かったと思ったのに！,,,カップケーキ配達員,カップケーキ,元気だが焦るとクリームが震える,,,,1,0秒で巨大宅配箱に閉じ込められる涙目カップケーキ配達員,0秒で巨大ダンボール箱のフタが頭上から閉じ巨大テープローラーが顔の目前に迫る,カップケーキ配達員はこのまま梱包されるの？,箱の中から見上げる逃げ場のない構図で巨大フタとテープローラーが一瞬で危機を伝える,中央の涙目カップケーキ配達員を巨大ダンボールのフタが上から覆い黄色いテープローラーが斜め前から迫る,明るい宅配センターで巨大箱に閉じ込められテープを貼られそうなカップケーキ配達員の絶叫顔,巨大箱のフタがバタンと閉じかけテープローラーが顔面へ急接近する瞬間,箱の底から見上げる超広角ローアングルで顔面へ急接近,バタン、ビリビリ、ブザー,梱包危機から配達リボン反転で原因回収する高速ループ,0秒で巨大箱のフタとテープローラーが顔目前に迫る,宅配センターの梱包ラインが暴走し食品たちを荷物扱いする,配達バッグの伝票が光りテープをリボン状に巻き取る,巨大テープローラーが金色の配達リボンへ変形し箱をこじ開ける,配達シールの光が自動梱包ラインを再起動し次の箱へ落ちる,配達シールが次の自動梱包を起動する原因回収ループ,助かった印が次の梱包危機になる再起動予告,巨大宅配箱,巨大テープローラーと暴走梱包ライン,巨大サイズ差,巨大テープが配達リボンへ変形,フタ閉鎖、テープ急接近、箱内風圧、リボン巻き取り,8,8,8,8,3Dアニメ風,かわいいシネマ調,箱内ローアングル急接近、回転ズーム、最後に最初の箱内構図へ戻る,白い作業灯と箱の隙間から差す黄色光から金色の配達光へ,ピンクのカップケーキ、茶色ダンボール、黄色テープ、白い宅配センター,閉じる、迫る、巻き取る、跳ねる、こじ開ける、落ちる,整理された明るい宅配センター,紙粉、テープの光沢、スピード線、金色リボン光,中,カップケーキ配達員の顔と巨大テープローラー,,,バタン！ビリビリ！ブザー！,高速宅配コメディ,箱の閉鎖音、テープ音、警告ブザー、リボン巻き取り音、配達チャイム,なし,2026_05_09_giant_box_codex1.txt,Codex2: analysis-reflected 15秒構成化,0秒で巨大宅配箱のフタがカップケーキ配達員の頭上から閉じ、巨大テープローラーが顔目前に迫り、15秒でテープが配達リボンへ変形して箱を開けるが配達シールが次の自動梱包を起動してループする,"text, logo, human, horror, gore, dirty, cluttered, static shot, long dialogue, weak danger","15 second 9:16 YouTube Shorts, start from the reference image: cute cupcake delivery worker centered inside a giant cardboard shipping box, box flaps slam downward from above, giant yellow tape roller rushes toward the tearful face, camera shake, bright delivery warehouse, packing line goes wild, smaller food workers slide into boxes, delivery slips glow from the bag, yellow tape winds into a golden delivery ribbon, the ribbon jams the roller and pries the box open, then the glowing delivery seal activates a new larger box below and the camera drops back into the first boxed-in angle, no text, no logo, anthropomorphic food characters only, fast pacing, cinematic lighting, high contrast",,,,,30,0,1,,0,,,,,0,0,,0,,,,,3〜5秒でテープが巻くだけになると離脱しやすい,10秒で巨大テープローラーが金色の配達リボンになり箱をこじ開ける瞬間,1〜3秒の宅配センター説明が背景だけになると弱い,,,次は巨大自動販売機の取り出し口に落ちる泣き顔ゼリー警備員で商品化危機を試す,3〜8秒はテープ距離、箱の隙間、表情、リボン量、カメラ角度を毎秒変える,宅配センター内の別設備へ展開しつつ梱包される危機で差別化,0秒で巨大箱のフタが閉じ巨大テープローラーが迫る,カップケーキ配達員,巨大宅配箱と巨大テープローラーの配達リボン化ループ,食品キャラ;カップケーキ;宅配センター;ダンボール;梱包;15秒構成;ループ,カップケーキ配達員;巨大宅配箱;巨大テープローラー;梱包される;配達リボン,食品キャラ ショート動画 カップケーキ 宅配箱 梱包,巨大ダンボール;黄色テープローラー;箱の中;金色リボン;涙目アップ,焦り;驚き;大逆転;安心;再パニック,0秒;巨大宅配箱;閉じ込められる;梱包される;テープローラー;急接近;ループ,,,,,,,,,,
12,,,レモン歯科医、診察ライトより笑顔がまぶしい,,2026/5/9,,ja,YouTube Shorts,,,,2026/5/9,コメディ,食品キャラクターの職業コント,食品キャラが働く明るい歯科医院,かわいい、明るい、共感ある小トラブル,小さな仕事ミス,かわいい、何してるの？,,,レモン歯科医,レモン,笑顔が明るすぎて診察ミラーに反射してしまう,マシュマロ患者、ミント看護師,,,3,0秒でレモン歯科医の笑顔が診察ミラーに反射してまぶしい,診察ライトよりレモン歯科医の笑顔がミラーで明るく光る,レモン歯科医はこのまま自分の笑顔で診察するの？,白衣と診察ミラーで歯科医が一瞬で分かりライトより笑顔がまぶしい小さな異常がかわいい,中央のレモン歯科医が診察ミラーを持ち反射した笑顔の光にマシュマロ患者がきょとんとしている,明るい歯科医院でレモン歯科医の笑顔が診察ミラーに反射してまぶしくなった瞬間,診察ミラーを構えた瞬間に笑顔の光がきらんと反射する,診察ミラー越しの正面アップで主役の顔と道具を中央に大きく,きらん、カチッ、ふふっ,笑顔反射の小さな診察ミスから全員が慣れる職業コントループ,0秒でレモン歯科医の笑顔が診察ミラーに反射する,マシュマロ患者がサングラスを出しミント看護師が反射角度を調整する,光がミラー、歯ブラシ、トレー、サングラスへ順番に移る,診察ライトを消してもレモン歯科医の笑顔だけでちょうどよく明るくなる,安心して笑ったレモン歯科医の光がまたミラーに反射する,笑顔のミラー反射がもう一度まぶしい診察を始めるかわいい反復ループ,全員が慣れて準備する小さな再発,笑顔の反射,診察ミラー、歯ブラシ、診察ライト、サングラス、白いトレー,通常サイズ、顔アップ,笑顔の光が診察ライト代わりになる,鏡反射、柔らかい光、軽い道具の角度調整,2,10,8,2,3Dアニメ風,かわいいシネマ調,診察ミラー越しの正面アップ,清潔な白い歯科照明とレモンの小さなきらん光,黄色いレモン、白い歯科医院、水色の椅子、ミントグリーンの助手,ミラーを構える、光る、患者がサングラスを出す、助手が笑う,整理された明るい歯科医院,小さなきらん光、ミラー反射、やわらかい光の輪,低〜中,レモン歯科医の顔と中央の診察ミラー,,,きらん！カチッ！ふふっ！,軽快な職業コント,ミラー反射音、ライトのカチッ音、かわいい反応音,なし,2026_05_09_lemon_dentist_codex1.txt,Codex2: cute job comedy 15秒構成化,明るい歯科医院でレモン歯科医の笑顔が診察ミラーに反射してライトよりまぶしくなるかわいい職業コント,"text, logo, captions, human, horror, gore, dark lighting, giant danger, screaming, crying, pain, scary face, crushing, sucking in, destruction, violence","15 second 9:16 YouTube Shorts, cute occupational comedy, start from the reference image: cute lemon dentist in a bright clean dental clinic, white coat, dental mirror and toothbrush centered, smile reflects in the mirror with a tiny sparkle, marshmallow patient gently brings tiny sunglasses, mint nurse adjusts a white tray, the sparkle moves softly from mirror to toothbrush to tray to sunglasses, dental lamp turns off and the lemon smile becomes the perfect gentle light, everyone smiles, then the lemon dentist smiles again and the mirror sparkles back to the first frame, no text, no logo, no captions, no humans, anthropomorphic food characters only, bright cheerful mood, no danger, no crying, no screaming, no horror, soft cute sound effects, clear focal point",,,,,,,,,,,,,,,,,,failed,10,,画面に動きがなさすぎる。非常に退屈！,反射先が変わらず同じきらんだけになると離脱しやすい,10秒で診察ライトを消してもレモン歯科医の笑顔だけで部屋が明るくなる瞬間,3〜5秒で光るだけが続くと単調になる,,,枝豆DJ、ブロッコリー面接官、トマト美容師など別職業コントへ展開,巨大危険化せず職業道具を中央に置いて小さなあるあるを毎秒変化させる,明るい職場で食品らしい性質が仕事道具に小さく影響する方向,0秒で診察ミラーにレモン歯科医の笑顔が反射する,レモン歯科医,笑顔が診察ライト代わりになる小さな仕事トラブル,食品キャラ;職業コント;レモン;歯科医;歯医者;かわいい;小さな失敗,レモン歯科医;診察ミラー;歯医者;食品キャラ;かわいいコント,食品キャラ ショート動画 レモン 歯医者 かわいい,白衣;診察ミラー;歯ブラシ;診察ライト;マシュマロ患者;サングラス,かわいい;得意顔;困り笑い;共感;明るい,0秒;職業コント;歯科医;診察ミラー;小さな失敗;あるある;かわいい,0秒;職業コント;歯科医;診察ミラー;小さな失敗;あるある;かわいい,0秒;職業コント;歯科医;診察ミラー;小さな失敗;あるある;かわいい,0秒;職業コント;歯科医;診察ミラー;小さな失敗;あるある;かわいい,0秒;職業コント;歯科医;診察ミラー;小さな失敗;あるある;かわいい,,,,,,
13,,,トマト美容師、前髪のつもりでヘタを整えすぎる,,2026/5/9,,ja,YouTube Shorts,,,,2026/5/9,コメディ,食品キャラクターの職業コント,食品キャラが働く明るい美容室,かわいい、明るい、共感ある小トラブル,小さな仕事ミス,かわいい、変だけど見たい、何してるの？,,,トマト美容師,トマト,自信満々だが自分のヘタまで整えすぎる,いちご紳士、ぶどう受付係,,,3,0秒でトマト美容師が前髪のつもりで自分のヘタを整えすぎる,ハサミとくしを持つトマト美容師のヘタが前髪みたいに短く切りそろえられている,トマト美容師はお客より自分のヘタを切ってるの？,中央のハサミとくしで美容師が一瞬で分かりヘタを切りすぎた小さな失敗がかわいい,赤いトマト美容師の顔、銀色のハサミ、短くそろった緑のヘタ、きょとん顔のいちご客,明るい美容室でトマト美容師がハサミを構え自分のヘタを前髪のように切りそろえすぎた瞬間,ハサミが小さくチョキッと動きくしがヘタと前髪を同時に整える,正面寄りのミディアムアップで主役の顔と道具を中央に大きく,チョキッ、サラッ、あっ,ヘタカットの小さな失敗から新しい髪型として受け入れられる職業コントループ,0秒でトマト美容師がハサミとくしを構える,手鏡に映った自分のヘタが短くなっていることに気づく,ぶどう受付係といちご紳士が小さくリアクションする,トマト美容師がヘタを前髪風に整えると意外とおしゃれに見える,次のお客が同じヘタカットを頼むように鏡を差し出し最初のハサミ構えに戻る,同じヘタカット注文で最初のハサミ構えへ戻るかわいい反復ループ,次のお客の注文が最初の失敗を流行に変える,前髪カットのつもりが自分のヘタまで整う,手鏡で失敗に気づき周囲の食品キャラが小さくリアクションする,通常サイズ、顔アップ,失敗したヘタカットが流行の髪型に変わる,ハサミ、くし、鏡反射、軽いリアクション,2,10,9,3,3Dアニメ風,かわいいシネマ調,中央固定の正面アップ、道具が大きく見える,明るい昼の美容室照明,赤いトマト、緑のヘタ、白い美容室、銀色のハサミ、水色の鏡,ハサミ、くし、手鏡、リアクションの小さな動き,整理された明るい美容室,小さなチョキッ線、鏡のやわらかい反射,低〜中,トマト美容師の顔と中央のハサミ、くし,,,チョキッ！サラッ！あっ！,軽快な職業コント,ハサミ音、くし音、小さな驚き音,なし,2026_05_09_tomato_hairdresser_codex1.txt,,明るい美容室でトマト美容師が前髪カットのつもりで自分のヘタまで整えすぎるかわいい職業コント,"text, logo, captions, human, horror, gore, dark lighting, giant danger, screaming, crying, pain, scary face, crushing, sucking in, destruction, violence","9:16 vertical YouTube Shorts zero-second hook, cute anthropomorphic tomato hairdresser centered in a bright clean hair salon, large silver scissors and comb near the center, trimming a strawberry gentleman customer but accidentally trimming its own green leafy stem too evenly and too short, proud embarrassed cute smile, strawberry customer wearing salon cape looking puzzled, small grape receptionist holding a round hand mirror reacting with a tiny surprised face, clear hairdresser tools, large main character face, smartphone-friendly, bright cheerful lighting, cute 3D animated style, no text, no logo, no humans, no captions, not scary, not painful",,,,,,,,,,,,,,,,,,failed,10,,画面に動きがなさすぎる。非常に退屈！,,,,,,,,食品キャラ;職業コント;トマト;美容師;ヘアサロン;かわいい;小さな失敗,トマト美容師;ハサミ;くし;ヘタカット;いちご紳士,食品キャラ ショート動画 トマト 美容師 かわいい,ハサミ;くし;手鏡;美容室;緑のヘタ;いちご客,かわいい;得意げ;困り笑い;共感;明るい,0秒;職業コント;美容師;ハサミ;小さな失敗;あるある;かわいい,,,,,,,,,,,,,,
14,,zIG7_Btcv7o,メロンパン駅員、切符に砂糖スタンプを押しすぎる！,https://youtube.com/shorts/zIG7_Btcv7o,2026/5/9,,ja,YouTube Shorts,,,,2026/5/9,コメディ,食品キャラクターの職業コント,食品キャラが働く明るい駅の改札窓口,かわいい、明るい、共感ある小トラブル,小さな仕事ミス,かわいい、変だけど見たい、何してるの？,,,メロンパン駅員,メロンパン,まじめに押印するが砂糖が切符につきすぎる,チョコ乗客、ラムネ案内係,,,3,0秒でメロンパン駅員が切符に砂糖スタンプを押しすぎる,改札スタンプを押した切符にメロンパンの砂糖がぽふっと多くついて白い星型駅印になっている,この砂糖だらけの切符で改札を通れるの？,中央の駅員帽と改札スタンプで駅員が一瞬で分かり砂糖がつきすぎた切符の小さな失敗がかわいい,メロンパン駅員の顔、大きな改札スタンプ、白い砂糖だらけの切符、きょとん顔のチョコ乗客,明るい駅窓口でメロンパン駅員が切符にスタンプを押し砂糖が白い星型に広がった瞬間,改札スタンプがポンッと押され砂糖がぽふっと切符に広がる,正面寄りのミディアムアップで主役の顔とスタンプを中央に大きく,ポンッ、ぽふっ、あっ,砂糖スタンプの小さな失敗がかわいい限定駅印になって再注文される職業コントループ,0秒でメロンパン駅員が改札スタンプを切符に押す,チョコ乗客が砂糖だらけの切符を見てきょとんとする,ラムネ案内係が小さくリアクションしメロンパン駅員が砂糖を整える,白い砂糖跡がかわいい星型の限定駅印に見える,次のクッキー乗客が新しい切符を差し出し最初のスタンプ構えへ戻る,次の乗客が切符を差し出して最初のスタンプ構えへ戻るかわいい反復ループ,失敗が限定駅印になり次の乗客へつながる,改札スタンプのつもりが砂糖スタンプになる,砂糖を整えるとかわいい限定駅印に見える,通常サイズ、顔アップ,押しすぎた砂糖が限定駅印に変わる,スタンプ、砂糖の粉、軽い手元リアクション,2,10,9,3,3Dアニメ風,かわいいシネマ調,中央固定の正面アップ、道具が大きく見える,明るい昼の駅照明,薄茶のメロンパン、白い砂糖、青い駅員帽、赤いスタンプ台、水色の駅窓口,スタンプ、砂糖、切符、ブラシ、リアクションの小さな動き,整理された明るい駅の改札窓口,小さな砂糖のぽふっ、白い星型駅印、やわらかい粉の広がり,低〜中,メロンパン駅員の顔と中央の改札スタンプ、切符,,,ポンッ！ぽふっ！あっ！,軽快な職業コント,スタンプ音、砂糖のぽふっ音、小さな驚き音,なし,2026_05_09_melonpan_station_codex1.txt,,明るい駅の改札窓口でメロンパン駅員が切符にスタンプを押した瞬間、砂糖がつきすぎて白い星型駅印になるかわいい職業コント,"text, logo, captions, human, horror, gore, dark lighting, giant danger, screaming, crying, pain, scary face, crushing, sucking in, destruction, violence","9:16 vertical YouTube Shorts zero-second hook, cute anthropomorphic melon bread station attendant centered in a bright clean train station ticket gate window, blue station cap, small uniform, large ticket stamp near the center, stamping a ticket in the foreground, extra white sugar from the melon bread surface puffs onto the ticket and forms a cute white star-shaped station stamp, proud but slightly embarrassed smile, small chocolate passenger looking puzzled, small ramune soda guide holding a guide board and reacting with a tiny surprised face, clear station attendant tools, large main character face, smartphone-friendly, bright cheerful lighting, cute 3D animated style, no text, no logo, no humans, no captions, not scary, not painful, no giant danger",,,,,6,0,0,,0,,,,,0,0,,0,,10,,画面に動きがなさすぎる。非常に退屈！,,,,,,,,食品キャラ;職業コント;メロンパン;駅員;改札;切符;かわいい;小さな失敗,メロンパン駅員;改札スタンプ;切符;砂糖スタンプ;チョコ乗客,食品キャラ ショート動画 メロンパン 駅員 かわいい,駅員帽;改札スタンプ;切符;白い砂糖;星型駅印;駅窓口,かわいい;得意げ;困り笑い;きょとん;共感;明るい,0秒;職業コント;駅員;改札スタンプ;切符;小さな失敗;あるある;かわいい,,,,,,,,,,,,,,
15,,,くるりんドーナツ、穴に雲カードが入りすぎる,,2026/5/10,,ja,YouTube Shorts,,,,2026/5/10,コメディ,食品キャラクターの職業コント,食品キャラが働く明るい天気予報スタジオ,かわいい、明るい、過剰だけど怖くない職業コント,小さな仕事ミス,かわいい、何これ、続きを見たい,,,くるりんドーナツ,チョコがけリングドーナツ,まじめな気象予報士だが穴に天気が入りがち,マフィンAD、ゼリーカメラマン,,,3,0秒でくるりんドーナツの穴に雲カードが入りすぎる,天気図を指す直前、リング穴に白い雲カードが3枚も詰まり、晴れカードだけ穴から顔を出している,このドーナツ気象予報士は穴に入った雲のまま晴れ予報できるの？,大きなリング穴、中央の指し棒、詰まった雲カード、脇役の小さな驚きで仕事ミスが一瞬で分かる,中央のくるりんドーナツの穴に雲カードがぎゅっと入り、指し棒と晴れカードが画面中央で目立つ,明るい天気予報スタジオで、くるりんドーナツ気象予報士のリング穴に白い雲カードが3枚詰まり、マフィンADとゼリーカメラマンが小さく驚く瞬間,指し棒で天気図を指そうとした瞬間、雲カードがぽすぽすっと穴に入り晴れカードがぴょこんと出る,正面寄りミディアムアップで主役の顔、リング穴、指し棒、天気カードを中央に大きく,ぽすっ、ぽすっ、ぴょこん、あっ,穴に雲カードが入りすぎた小さな予報ミスが、くるりん名物の立体天気予報になる職業コントループ,0秒で雲カードがリング穴に入りすぎる,マフィンADとゼリーカメラマンが穴の雲を見てきょとんとする,くるりんが指し棒で雲カードを整えると、晴れカードと雲カードが同時に出て立体予報になる,穴から出た雲と晴れカードがかわいい名物予報として受け入れられ、脇役が小さく拍手する,次の天気カード束が差し出され、また指し棒を構える,次の天気カードループ,指し棒構え直前戻り,リング穴に雲カードが入りすぎる,晴れカードが穴からぴょこんと顔を出す,通常サイズ、顔と職業道具を大きく見せる,失敗した雲詰まりが名物の立体予報に変わる,紙カードが軽く穴に入る、ふわっと押し出される,4,10,9,5,3Dアニメ風,かわいいシネマ調,中央固定の正面アップ、リング穴と指し棒が大きく見える,明るい昼のスタジオ照明,チョコブラウン、水色蝶ネクタイ、白い雲カード、黄色い晴れカード、淡い青の天気図,指し棒、雲カード、晴れカード、脇役リアクション、次のカード束の小さな動き,整理された明るい天気予報スタジオ,小さな紙カードのぽすっ、やわらかい雲のふわっと感,低〜中,くるりんドーナツの顔、リング穴、中央の指し棒と天気カード,,,ぽすっ！ぴょこん！あっ！,軽快な職業コント,カードが入る音、指し棒の小さな音、脇役の驚き音、拍手音,なし,2026_05_10_kururin_weather_codex1.txt,2026_05_10_kururin_weather_codex2.txt,明るい天気予報スタジオで、くるりんドーナツ気象予報士のリング穴に白い雲カードが3枚詰まり、晴れカードが穴から顔を出しているかわいい職業コント,"text, logo, captions, human, horror, gore, dark lighting, giant danger, screaming, crying, pain, scary face, crushing, sucking in, destruction, violence","15 second 9:16 cute anthropomorphic food workplace comedy. Kururin Donut, a chocolate glazed ring donut weathercaster, starts with three white cloud cards stuffed in the donut hole and a sunny card popping out. Use pointer stick, weather cards, muffin AD, and jelly cameraman reactions. The mistake becomes a cute signature 3D weather forecast. End with a new stack of weather cards sliding in and Kururin raising the pointer again to loop. No text, no logo, no humans, bright cheerful mood, no danger, no horror.",,,,,,,,,,,,,,,,,,,10,,画面に動きがなさすぎる。非常に退屈！中国語話してる！中国語の字幕が出てる！,3〜8秒でカードを出し入れするだけになると単調になる,9秒で穴から雲カードと晴れカードが同時に出て、名物の立体予報として拍手される瞬間,5〜7秒で雲カード整理だけが続くと弱い,,,くるりんドーナツ、雨マークを出したら透明傘が穴に引っかかる,2秒ごとに指し棒、カード、穴、脇役、次のカード束を変化させる,リング穴に天気が入る固有ギミックを別天気カードで展開する,0秒でリング穴に雲カードが入りすぎる,くるりんドーナツ,穴に天気カードが入る小さな仕事ミス,食品キャラ;職業コント;ドーナツ;気象予報士;天気予報;かわいい;小さな失敗,くるりんドーナツ;気象予報士;雲カード;晴れカード;指し棒;天気スタジオ,食品キャラ ショート動画 ドーナツ 気象予報士 かわいい,リング穴;チョコがけ;水色蝶ネクタイ;指し棒;雲カード;晴れカード;天気図,かわいい;照れ笑い;きょとん;小さな焦り;明るい;小さく拍手,0秒;職業コント;気象予報士;雲カード;リング穴;小さな失敗;過剰な状況;かわいい;ループ,,,,,,,,,,
16,draft,,くるりんドーナツ、透明傘が穴に引っかかる,,2026/5/10,,ja,YouTube Shorts,,,,2026/5/10,かわいい擬人化職業コント,食品キャラクター×お天気キャスター×小さな仕事トラブル,人間のいない明るいテレビ天気スタジオ,明るい、かわいい、テンポ良い、怖くない,困り笑い→照れた得意顔,かわいい、あるある、何してるの？,初見Shorts視聴者,2026_05_10_shorts_rag_analysis.txt,くるりんドーナツ,チョコがけリングドーナツのお天気キャスター,大きなリング穴、半分チョコがけ、水色蝶ネクタイ、白いキャスター服、表情が大きい,マフィンAD、ゼリーカメラマン,,スタジオ収録チーム,3,くるりんドーナツの穴に透明傘が引っかかる,雨カードを出した瞬間、半開きの透明傘がリング穴に斜めに刺さり、指し棒まで絡まる,ドーナツのお天気キャスター、どうやってこの傘を外すの？,顔、職業道具、食品特徴、失敗点が中央に揃い、0.3秒で状況が読める,中央のドーナツ穴に透明傘、手前に傘の柄、青い雨カードと指し棒が絡む,9:16縦長。明るいテレビ天気スタジオ中央に、白いキャスター服のくるりんドーナツ。穴に半開き透明傘が斜めに引っかかり、指し棒と青い雨カードが傘骨に絡む。左にマフィンAD、右にゼリーカメラマンが小さくリアクション。文字なし。,雨カードを出す→透明傘がぱふっと半開き→リング穴に引っかかる,縦長ミディアム寄り、顔と穴と透明傘を中央に大きく,ぱふっ、カードのひらひら音、小さな無言リアクション,小さな仕事ミスが、くるりん名物の傘つき雨予報へ変わり、次の傘でループする,0-1秒: 雨カード提示と同時に透明傘が穴に引っかかる,1-3秒: 指し棒と雨カードも絡み、お天気キャスターの道具トラブルだと分かる,3-8秒: 傘の角度、雨カード、指し棒、脇役の反応が毎秒変わり、失敗が予報セットに見えてくる,8-13秒: 透明傘をそのまま傘つき雨予報として披露し、脇役が拍手と撮影で反応する,13-15秒: 次の折りたたみ透明傘と雨カードが差し出され、また穴の前で開きかける,次の仕事道具が同じ失敗を起こしそうになるループ,成功した直後に次の小ミス予感で0秒へ戻る,リング穴に透明傘が引っかかる,雨カードが傘骨に並んで傘つき予報になる,通常サイズ、小さな仕事トラブル,失敗した道具がかわいい予報ディスプレイに変わる,軽い、柔らかい、痛くない小道具コメディ,低〜中,高,中〜高,中,明るい3Dアニメ風ショート,かわいい食品キャラクター、丸い形、清潔なスタジオ,顔と道具を中央固定、3〜8秒は手元変化、終盤は0秒構図へ戻る,白いスタジオ光、怖くない柔らかい反射,チョコブラウン、ドーナツゴールド、水色、青い雨カード、透明傘,ぱふっと開く、くるっと回る、カードがひらひら、脇役の小さな拍手,文字のない天気スタジオ、抽象的な水色パネル,透明傘の軽いハイライト、カードのひらひらのみ,中。主役大きく、脇役は2体まで小さく,くるりんの顔、リング穴、透明傘、指し棒、雨カード,なし,なし、表情と動きで理解させる,透明傘が半開きになる軽いぱふっ音,明るい短いコミカルBGM。不穏BGM禁止,ぱふっ、ひらひら、こつん、ぽん、小さな拍手,声なし、または短い日本語の小声リアクションのみ。中国語音声は禁止,2026_05_10_kururin_umbrella_codex1.txt,2026_05_10_kururin_umbrella_codex2.txt,"Bright vertical TV weather studio, cute chocolate-glazed ring donut weathercaster centered, transparent umbrella stuck diagonally in donut hole, blue rain card and pointer tangled, muffin assistant and jelly cameraman reacting small, no text, no logo, no subtitles.","giant danger, horror, crying, screaming, fear face, being sucked in, crushed, violence, destruction, dark lighting, giant machine, court, execution mood, human characters, text, logo, subtitles, Chinese subtitles, Chinese voice, scary BGM, unpleasant sound, AI artifact","Create a 15-second vertical 9:16 cute anthropomorphic food workplace comedy video. Main character: Kururin Donut, a chocolate-glazed ring donut weathercaster in a white jacket and water-blue bow tie. No humans. Bright TV weather studio. At 0 seconds, center the donut face, ring hole, pointer stick, blue rain card, and a half-open transparent umbrella stuck diagonally through the donut hole. A muffin assistant and jelly cameraman react small in the background. Keep it cute, safe, bright, no crying, no horror. 0-1s umbrella pops open and gets stuck. 1-3s Kururin tries with the pointer, rain cards flutter. 3-8s change the action every second: umbrella tilts, pointer catches a rib, rain card slides under canopy, muffin assistant offers another card, jelly cameraman zooms, the stuck umbrella starts looking like a tiny rain forecast display. 8-13s Kururin turns the mistake into a charming umbrella weather display; assistant claps, cameraman films, Kururin looks embarrassed but proud. 13-15s assistant slides in the next folded transparent umbrella and rain card; it starts opening near the donut hole, matching the first frame for a loop. No text, no logo, no subtitles, no Chinese subtitles, no Chinese voice.",reference image / image generation,Seedance or equivalent short video model,codex2_short_structure,"9:16, 15s, bright cute comedy, no captions",,,,,,,,,,,,,,,10,職業道具が中央で0.3秒理解でき、食品の穴と仕事道具が干渉するあるある寄りの小ミスが明るく読める,キャラが棒立ち。カメラチェンジ無し。トラブルも地味。画面に動きがなさすぎる。非常に退屈！まったく面白くない。,3〜8秒で傘を引っ張るだけになると単調になる,8〜10秒で引っかかった透明傘が雨カードを並べた傘つき予報として拍手される瞬間,5〜7秒で傘が揺れるだけだと弱い,0秒理解と安全なループが成立すればショートフィードで初動停止は狙えるが、中盤変化不足だと維持率が落ちる,食品キャラ職業コント系。巨大危険系とは差別化,くるりんドーナツ、雪カードを出したら粉砂糖と間違えられる,毎秒、傘の角度、指し棒、雨カード、脇役行動、次の傘を変え、終盤で0秒の小ミスに戻す,リング穴に天気道具が引っかかる安全な職業コントシリーズ,くるりんドーナツ、透明傘が穴に引っかかる,くるりんドーナツ,リング穴×透明傘×雨カード,"食品キャラ,職業コント,お天気キャスター,ドーナツ,透明傘,かわいい",くるりんドーナツ 透明傘 天気予報 かわいい 職業コント,anthropomorphic donut weathercaster transparent umbrella cute shorts,"donut hole, transparent umbrella, rain card, pointer stick, muffin assistant, jelly cameraman","かわいい,困り笑い,照れ,あるある,小さな失敗","職業道具中央,食品特徴干渉,透明傘,ドーナツ穴",,,,,,,,,,
17,idea,,ぽこワッフル、全マスに消印される,,2026/5/10,,ja,YouTube Shorts,,,,,かわいい擬人化職業コント,食品キャラクター×郵便配達員×消印スタンプの押し間違い,人間のいない明るい郵便局カウンター,明るい、かわいい、テンポ良い、怖くない,きょとん、困り笑い、照れ,かわいい、何してるの、あるある、小さな失敗,初見Shorts視聴者,2026_05_10_shorts_rag_analysis.txt,ぽこワッフル,バターのせ四角ワッフルの郵便配達員,四角い焼き色ワッフル体、くっきりした格子マス、赤い斜めがけ郵便バッグ、角の小さなバター帽子、白い封筒、丸い目、小さな口,クッキー客、プリン局員,,配達員、客、郵便局の同僚,3,ぽこワッフルの全マスに消印スタンプが押される,封筒に押すはずの消印スタンプが、ぽこワッフルの格子マス全部にポンポンポンと押されている,そこ封筒じゃなくてワッフル本人では？,消印スタンプ、封筒、赤い郵便バッグ、ワッフル格子が中央で一瞬に読める,中央のぽこワッフルの格子全マスに丸い消印が並び、手前に大きな消印スタンプと白い封筒が見える,9:16縦長。明るい郵便局カウンター。中央に大きなぽこワッフル郵便屋。ワッフルの格子マス全部に丸い消印がポンポンポンと押されている。赤い郵便バッグ、白い封筒束、消印スタンプが中央。左のクッキー客と右のプリン局員が小さくリアクション。文字なし。,封筒へスタンプを押す直前、手元が少しずれてワッフル格子へ押される途中,縦長ミディアム寄り。顔、格子マス、消印スタンプ、封筒、赤い郵便バッグを中央に大きく,ポンポンポン、紙のカサッ音、小さなあっ,消印の押し間違いが、かわいい配達順ボードに変わり、次の封筒でまた押し間違えそうになる職業コント,0〜1秒、封筒へ押すはずの消印がぽこワッフルの格子マスへ連続で押される,1〜3秒、封筒ではなく本人に押されたと脇役の反応で分かる,3〜8秒、消印が増えるだけでなく、仕分け表のように意味を持ち始める,8〜13秒、押し間違いが配達順ボードとして役に立つ,13〜15秒、次の封筒が出るがスタンプがまた自分のマスへ傾く,次の封筒で同じ押し間違いが起きそうになるループ,名物化した直後に再ミス予感,ワッフル格子マスに消印が並ぶ,押し間違いが配達順ボードになる,通常サイズ、0秒だけスタンプ数が過剰,仕事ミスがかわいい仕分け機能に変わる,軽いスタンプ音、痛くない小道具コメディ,中,高,高,中,明るい3D食品キャラクターコメディ,丸い表情のかわいい食品キャラ、清潔な郵便局カウンター,中央寄り、顔と道具を大きく、脇役は左右に小さく,明るい郵便局の白い光,焼き色ブラウン、赤い郵便バッグ、白い封筒、黒い消印、黄色いバター帽子,ポンポン押される、きょとんと見下ろす、メモを取る、次の封筒が差し出される,整理された郵便局カウンター、封筒束、仕分け棚の気配,丸い消印の軽い増殖のみ。光るだけは禁止。,中。主役を大きく、脇役は2体まで,ぽこワッフルの顔、格子マス、消印スタンプ、白い封筒、赤い郵便バッグ,,,,,,,,9:16縦長、明るい郵便局カウンター、ぽこワッフル郵便屋が中央。四角い焼き色ワッフル体、くっきりした格子マス、赤い斜めがけ郵便バッグ、角の小さなバター帽子。封筒に押すはずの消印スタンプがワッフルの格子マス全部に押されている。人間なし、文字なし、ロゴなし、字幕なし。,"human, realistic human, horror, dark lighting, crying, screaming, violence, destruction, giant danger, sucked in, crushed, painful expression, humiliation, dirty food texture, text, logo, subtitles, Chinese subtitles, Chinese voice, scary mood, AI artifact","9:16 vertical cute anthropomorphic food character comedy video. Bright post office sorting counter. Poko Waffle, a cute square waffle mail carrier, is centered. Golden-brown waffle body with clear grid pockets, tiny butter cap, red crossbody mail bag, white gloves. 0-1s: Poko tries to stamp a white envelope, but the round postmark stamp accidentally stamps every waffle grid pocket on Poko's body. 1-3s: Poko looks down with a cute confused smile, cookie customer and pudding clerk react small. 3-8s: change every second: stamp shifts position, one envelope slides forward, cookie customer tilts head, pudding clerk takes notes, Poko traces the stamped grid. 8-13s: the stamped waffle grid becomes a cute delivery order board and helps sort the mail. 13-15s: the next envelope arrives, but the stamp tilts toward Poko's grid again, matching the first action for a loop. No humans, no text, no logo, no subtitles, no Chinese subtitles, no Chinese voice, no horror.",,,,,,,,,,,,,,,,8〜10秒、全マスの消印が配達順ボードとして認識される瞬間,3〜8秒で消印が増えるだけになると単調,,ぽこワッフル、切手がほっぺに貼り付く,10,郵便道具がワッフル格子に干渉する小さな仕事ミスシリーズ,全然面白くないです。画面と人物、状況が動かなすぎます。,ぽこワッフル,ワッフル格子×消印スタンプ,食品キャラ,職業コント,郵便屋,ワッフル,消印スタンプ,かわいい失敗,ぽこワッフル 郵便屋 消印 ワッフル格子 かわいい 職業コント,,square waffle, grid pockets, red mail bag, white envelopes, postmark stamp, cookie customer, pudding clerk,きょとん,困り笑い,かわいい,あるある,小さな失敗,職業道具中央,食品特徴干渉,消印スタンプ,ワッフル格子,0秒だけ過剰
18,idea,,ぽこワッフル、全マスをスキャンされる,https://youtube.com/shorts/JDyaBp99C4c,2026/5/10,,ja,YouTube Shorts,ぽこワッフル郵便屋,,Codex6,2026/5/10,食品職業コント,郵便局スキャンミス,食品だけの郵便局,明るいかわいい,きょとん困り笑い,かわいい何してるの,Shorts一般,小さな仕事ミス,ぽこワッフル,ワッフル郵便屋,格子マス赤バッグ,プリン局員;クッキー客;マカロン客,,局員と発送客,4,全マスをスキャンされる,格子マスがスキャン反応,なぜワッフルを読むの？,顔と道具と赤い光,赤光で格子点灯,郵便局で格子スキャン,赤い光が横切る,手元から顔へ急寄り,ピッぽこっ,誤スキャンが名物化,小包をスキャン,小包でなく格子反応,角度で別マス点灯,全マス点灯で照れ,次の小包で再スキャン,次客小包ループ,再スキャン直前,格子スキャン,二度見と小物揺れ,通常道具手前大きめ,失敗が名物化,軽いバウンス,5,9,8,7,3Dアニメ風,かわいいシネマ調,急寄り横パン再接近,明るい郵便局照明,黄金赤白水色,点灯二度見小物揺れ,整理された郵便局,赤光残像マス点灯,中,顔;格子;スキャナー,ぽこっと読まれてます,小包じゃなくてぼくです,ピッぽこっ,軽快コメディ,スキャン音;カタン,短い小声,2026_05_10_poko_barcode_codex1.txt,2026_05_10_poko_barcode_nocsv_codex2.txt,ぽこワッフル格子スキャン,人間;文字;ロゴ;ホラー;危険,赤いスキャン光と格子点灯で15秒ループ,,Seedance,codex1_to_codex2_to_csv,9:16 no text,,,,,,,,,,,,,,idea,82,職業道具と食品特徴が即読める,光だけ反復は弱い,4〜7秒の単調化,全マス一斉点灯,道具が小さい場面,かわいい職業コント優先,低い,集荷シール順番待ち,毎秒点灯位置と小物を変える,郵便局スキャンミス,職業道具が食品特徴を読む,ぽこワッフル,赤光と格子点灯,食品キャラ;ぽこワッフル;郵便屋;スキャン;ループ,ぽこワッフル;バーコード;郵便局;格子,食品キャラ 郵便屋 ワッフル スキャン,赤い光;格子マス;白い小包,困り笑い;きょとん;照れ,職業道具中央;食品特徴干渉;次客ループ,,,,,,,,,,
19,idea,,パリタコ、レタスだけ先に3回転,https://youtube.com/shorts/Md8tXeBi_7U,2026/5/10,,ja,YouTube Shorts,パリタコ,,Codex6,2026/5/10,食品アクションコント,スケート具材先行,食品だけのスケートパーク,明るい激しめかわいい,得意げきょとん照れ,かわいい何してるの,Shorts一般,職業道具と食品特徴,パリタコ,タコススケートボーダー,三日月タコス具材,ゼリー審判;ミニトマト後輩,,審判と後輩,3,レタスだけ先に3回転,具材だけ先に回転,なぜ具材が先に飛ぶ？,顔とボードと具材残像,空中で具材3回転,ミニランプで具材先行,ランプからジャンプ,ローアングル急上昇,シャッぽんくるっ,具材先行が新技化,ミニランプからジャンプ,具材だけ先に回転,ボードと具材がズレる,具材が戻りドヤ顔,次ランプで再挑戦,次ランプ再挑戦ループ,具材先行直前,具材だけ3回転,チーズリボン;トマト跳ね,通常道具手前大きめ,失敗が新技化,ふわっとバウンス,6,9,8,9,3Dアニメ風,かわいいシネマ調,ローアングル横回り込み,明るい自然光,黄色緑赤水色,ジャンプ回転着地,明るいスケートパーク,具材残像モーション線,中,顔;ボード;具材,パリッと決めるよ,今のトリックです,シャッぽん,軽快アクション,車輪音;ぽん;拍手,短い得意げ声,2026_05_10_paritaco_lettuceflip_codex1.txt,2026_05_10_paritaco_lettuceflip_codex2.txt,パリタコ具材先行ジャンプ,人間;文字;ロゴ;ホラー;怪我,具材だけ先に3回転する15秒スケートループ,,Seedance,codex1_to_codex2_to_csv,9:16 no text,,,,,,,,,,,,,,idea,84,顔とボードと食品特徴が即読める,回転だけ反復は弱い,4〜7秒の単調回転,具材渦と片手追いかけ,空中固定に見える場面,かわいいアクションで停止狙い,低い,チーズが手すりにリボン着地,毎秒具材ボード脇役を変える,激しめスケートアクション,食品特徴が動きとズレる,パリタコ,具材先行トリック,食品キャラ;パリタコ;スケート;タコス;ループ,パリタコ;レタス;スケートボード;具材,食品キャラ スケート タコス Shorts,三日月タコス;レタス残像;ミントボード,得意げ;きょとん;照れ,職業道具中央;食品特徴干渉;次ランプループ,,,,,,,,,,
20,idea,,むすび山、座布団が集まりすぎる,https://youtube.com/shorts/7gBt5X4HG28,2026/5/11,,ja,YouTube Shorts,食品キャラクター職業コント,,codex,2026/5/11,かわいい食品キャラクター職業コント,相撲部屋の小さな応援ミス,食品キャラクターだけの明るいむすび相撲部屋,"明るい,かわいい,安心,コミカル","きょとん,困り笑い,照れ,ほっとする","かわいい,何してるの,応援したい",YouTube Shorts一般視聴者,"かわいい職業コント,小さな失敗,次の小包ループ",むすび山,おにぎり力士,大きくて強そうなのに気が弱い,"豆大福見学団,梅干し行司,ぽこワッフル郵便屋,たくあん親方",,相撲部屋の仲間と見学客がむすび山を優しく応援する,5,むすび山の足元に取り組み前から赤い座布団が集まりすぎる,立ち合い前なのに赤い座布団が6枚ほど足元に重なり小さな山になっている,まだ始まってないのにもう座布団が集まってるの？,大きなおにぎり力士の顔と赤い座布団小山と軍配が中央にあり相撲部屋の小さな異常が0.3秒で分かる,白い三角おにぎり力士と赤い座布団小山の強い色差,むすび山が土俵中央で困り笑いし足元に赤い座布団が山のように集まっている,赤い座布団が画面左からぽふっと滑り込む,ローアングル寄りの顔アップから座布団小山へ急ズーム,"ぽふっ,ぱらっ,紙のふわっ","0秒で座布団過剰,1〜3秒で状況理解,3〜10秒で座布団回収と整列,10〜13秒で応援席化,13〜15秒で小包から次の座布団が出てループ",立ち合い前のむすび山の足元に座布団が集まりすぎる,豆大福見学団が応援のつもりで座布団を差し出しすぎたと分かる,座布団を持ち上げると下からさらに小さい座布団が出る,座布団が土俵外に半円で並び応援席という名物になる,ぽこワッフルの小包から新しい座布団が飛び出して足元へ戻る,次の小包から同じ小ミスが始まるループ,また起きそうな小包ループ,座布団が集まりすぎる,"小包から新しい座布団が出る,軍配が上がりかけて止まる,豆大福が二度見する",小さな過剰,失敗が応援席という名物に変わる,柔らかいぽふぽふ物理,2,9,8,4,明るい3D食品キャラクターコメディ,cute 3D anthropomorphic food character style,"9:16縦長,ローアングル,急ズーム,横パン,軽い引き","朝の斜光,やわらかい明るさ","白いおにぎり,黒い海苔まわし,赤い座布団,淡い木目",毎秒小物と表情とカメラが変化するテンポ,"明るい木造の相撲部屋,土俵,座布団席,のれん","塩粒のきらめき,座布団のぽふっとした弾み,軽いモーションライン",中,"むすび山の顔,赤い座布団小山,紙の軍配",,,ぽふっ,明るく軽い和風コメディBGM,"ぽふっ,ぽすん,ぱらっ,ふわっ,ぽん,ぱちぱち",セリフなし,outputs/codex1/2026_05_11_musubi_zabuton_codex1.txt,outputs/codex2/2026_05_11_musubi_zabuton_codex2.txt,"9:16 vertical YouTube Shorts opening frame, cute anthropomorphic food characters only. Bright gentle sumo stable in the morning. Musubiyama, a big cute triangular onigiri sumo wrestler, stands on a clean dohyo with a shy confused smile. Six soft red zabuton cushions pile around his feet like a small hill. A small salt basket and paper referee fan are visible. Two mame-daifuku spectators gently offer more cushions. Warm morning sunlight, pale wood interior, no text, no logos, no humans.","humans, horror, dark lighting, violence, injury, crying, screaming, fear face, giant machine, suction, crushing, blood, gore, dirty food, text, logo, subtitles, watermark, Chinese text, static flat composition, AI glitch","15秒。むすび山の足元に赤い座布団が集まりすぎる。0〜3秒で座布団小山と相撲部屋の状況を即理解。3〜10秒は座布団を持ち上げる,海苔まわしに引っかかる,豆大福が回収する,親方が並べる,軍配が揺れるなど毎秒変化。10〜13秒で応援席として名物化。13〜15秒でぽこワッフルの小包から新しい座布団が出て0秒へループ。怖くしない,痛そうにしない,食品キャラのみ。",,,codex1_to_codex2_to_csv,,,,,,,,,,,,,,,,,"職業道具と主役の顔と小さな失敗が中央にあり,危険ではなくかわいい過剰で0秒理解しやすい。13〜15秒の小包で自然にループできる。","中盤が座布団整理だけに見えると退屈になるため,毎秒手元,表情,脇役,小物,カメラを変える必要がある。",4〜8秒で座布団回収の動きが単調になる場合,小包から新しい赤い座布団がぽふっと飛び出し0秒へ戻る瞬間,座布団を並べるだけで変化が少ない場面,"短いタイトルとかわいい職業コントで初期離脱を下げ,小包ループで再視聴を狙う","かわいいキャラクター職業コント,小さな道具ミス系Shorts",むすび山、紙の軍配が顔に貼りつく,"3〜10秒は座布団,軍配,塩粒,豆大福,小包を毎秒動かし棒立ちを避ける",相撲部屋の小道具ミスシリーズ,むすび山、座布団が集まりすぎる,むすび山,"座布団過剰,小包ループ,応援席化","食品キャラ,むすび山,おにぎり力士,相撲部屋,座布団,かわいい職業コント",むすび山 おにぎり 力士 座布団 相撲部屋 かわいい コント,"おにぎり力士,食品キャラクター,YouTube Shorts,かわいい相撲","三角おにぎり,黒い海苔まわし,赤い座布団,紙の軍配,塩かご,土俵","きょとん,困り笑い,照れ,ほっとする,応援したい","0秒,座布団,小さな失敗,職業道具中央,食品キャラ,相撲部屋,小包ループ,かわいい過剰",,,,,,,,,,
21,idea,,ルミマカロン、安全カードがクリームに並びすぎる,https://youtube.com/shorts/6AmzsmdGsVU,2026/5/11,,ja,YouTube Shorts,,,,2026/5/11,コメディ,食品キャラクターの世界,明るい飛行機の機内、食品キャラだけが乗るやさしい空の旅,明るいかわいい職業コント,困り笑いから小さな成功,かわいい、何してるの、また見たい,YouTube Shorts一般視聴者,,ルミマカロンCA,マカロン,颯爽としているがクリーム層に道具が挟まりがち,プリン乗客、クロワッサン乗客,,CAと乗客,3,0秒で安全案内カードがルミマカロンCAのクリーム層に何枚も並びすぎる,機内安全案内カードが1枚ではなく何枚も白いクリーム層にすぽすぽ挟まり扇形に広がる,CAさんなのに安全カードが自分に刺さってるの？,CA帽、安全案内カード、機内座席、クリームに刺さるカードが中央で一瞬に分かる,ルミマカロンCAの顔アップと胸元の扇形安全カード,明るい機内で困り笑いのルミマカロンCAのクリーム層に安全カードが扇形に並びすぎている,安全カードがすぽすぽ挟まり端がぱたぱた揺れる,低め正面から軽く寄り顔と安全カードを中央に大きく見せる,すぽっ、すぽぽっ、やわらかい機内チャイム,安全案内カードがクリーム層に並びすぎる小さな仕事ミスから機内サービス成功風に変わり次のカードでループ,0秒で安全カードがクリーム層に何枚も挟まる,1〜3秒でCAの安全案内中にカードが入りすぎたと分かる,3〜10秒でカードが扇形や羽根形に整いドリンクカップもころんと整列する,10〜13秒で失敗だったカード束がかわいい安全案内ボードのように完成する,13〜15秒で次の機内配布パックから新しい安全カードが飛び出しまたクリーム層へ入る,次の安全カード挿入ループ,次の小さな仕事ミス予告,安全案内カードがマカロンのクリーム層に挟まる,機内サービスワゴン、ミニドリンクカップ整列、プリン乗客の二度見,小さな仕事トラブル,失敗したカード束が扇形の安全案内ボード風に変わる,やわらかく挟まる、ぱたぱた揺れる、ころんと整列する,3,9,8,5,3Dアニメ風,かわいいシネマ調,小さな寄り、手元アップ、横パン、顔へ戻る,やわらかい朝の機内光,ピンク、ラベンダー、白クリーム、水色CA帽、白ミントの機内、パステル安全カード,カードのぱたぱた、ワゴンのころん、カップ整列、乗客のぷるっと二度見,明るい飛行機の機内、丸窓、白ミント色の座席、流れる雲,柔らかいカードの揺れ、軽いチャイム、ふわっと飛ぶ安全カード,中,ルミマカロンCAの顔とクリーム層に挟まった安全案内カード,,,すぽっ、すぽぽっ,明るい軽快な機内コメディ,すぽっ、ぱたぱた、ころん、ぷるん、小さな成功チャイム,なし,outputs/codex1/2026_05_11_lumi_safetycards_codex1.txt,outputs/codex2/2026_05_11_lumi_safetycards_codex2.txt,"9:16 vertical composition, bright airplane cabin aisle, Lumi Macaron CA centered close-up, pastel safety instruction cards gently stuck in her white cream layer like a fan, cute embarrassed smile, service cart and mini drink cups, pudding passenger double-take, croissant passenger reacts, no text, no logo, no humans, anthropomorphic food characters only, bright cute cinematic 3D animation.","text, logo, subtitles, humans, real airline logo, horror, dark lighting, crying, screaming, violence, gore, dangerous crash, turbulence panic, explosion, fire, giant machine, crushing, suction, scary face, painful expression, cluttered background, unreadable composition, tiny main character, static pose, unpleasant sound, ominous music","15 second 9:16 YouTube Shorts, cute anthropomorphic food characters only, bright airplane cabin interior, start with Lumi Macaron CA centered close-up with pastel safety instruction cards stuck in her cream layer, every second changes visually: cards flutter and rearrange, service cart rolls softly, mini drink cups rotate and align, pudding passenger jiggles and double-takes, croissant passenger reacts, cloud pillow floats softly, round windows and clouds move, end with a next in-flight packet and a new safety card sliding toward Lumi cream layer to loop.",,,Codex1 to Codex2 shorts planning,,,,,,,,,,,,,,,idea,75,職業道具と食品特徴の干渉が0.3秒で分かり、怖くない小さな仕事ミスとしてかわいい,カードの動きだけが続くと中盤が単調になる可能性,3〜5秒でカード変化以外の動きが少ない場合,安全カードがクリーム層に扇形に並びすぎてルミが困り笑いする瞬間,機内背景や乗客リアクションが動かないと静止画感が出る,かわいい職業食品キャラと一瞬で分かる小さな異常は初期停止率を上げやすい,食品キャラ職業コント系だが機内安全カードとマカロンクリームの組み合わせで差別化,ルミマカロンCA、雲型まくらがクリームにくっつく,3〜10秒は毎秒カード形状、ワゴン、ドリンク、乗客リアクション、カメラ距離を変える,機内サービス道具とマカロンクリーム層の小さな干渉シリーズ,ルミマカロンCA、安全カードがクリームに並びすぎる,ルミマカロンCA,安全案内カードがクリーム層にすぽっと挟まる,食品キャラ;マカロン;CA;飛行機;機内;安全カード;職業コント;かわいい失敗;ループ,ルミマカロンCA;安全案内カード;クリーム層;機内サービス;プリン乗客;クロワッサン乗客,食品キャラ ショート動画 マカロン CA 飛行機 安全カード,ピンクマカロン;水色CA帽;安全案内カード;白ミント機内;丸窓;サービスワゴン,困り笑い;照れ;かわいい;小さな成功;また見たい,0秒;CA;安全カード;クリームに挟まる;職業道具中央;小さな仕事ミス;ループ,,,,,,,,,,
22,idea,,ナス紳士、ベルを鳴らしすぎる,https://youtube.com/shorts/T8Lc6qqEs9U,,,ja,YouTube Shorts,食品生活,,,2026/5/12,コメディ,食品キャラクターのホテル職業コント,食品キャラクターだけが暮らす優しい世界。ナス紳士ホテルの上品な高級ロビー受付。,上品、かわいい、明るい、安心、少しドタバタ,困り笑い、きょとん、照れ、ほっとする,かわいい、何してるの、また見たい,YouTube Shorts視聴者、食品生活IPファン,,ナス紳士,食品キャラクター / ナス / ホテルコンシェルジュ,真面目、丁寧、優しい、そそっかしい、黒いタキシード、白い蝶ネクタイ,プリン宿泊客、角砂糖ベルボーイ、クロワッサン旅行客,,ホテルスタッフと宿泊客。失敗しても怒らず見守る関係。,4,ナス紳士がホテル受付ベルを鳴らしすぎる,金の受付ベルが押された振動で小さく増え始め、ルームキーも扇形に広がる,ベル、何個まで増えるの？,職業道具の金ベルが中央に大きく、ナス紳士の焦り顔と小さなホテル仕事ミスが0.3秒で分かる,画面手前に大きな金ベル、奥に困り笑いのナス紳士、左右に小さく反応する宿泊客とベルボーイ,ナス紳士ホテルの受付で、金ベルがぽこぽこ増え、ナス紳士が丁寧なお辞儀の途中で焦っている,ナス紳士が金ベルを1回押すつもりが、指がすべって連打になる,ベル手前ローアングルからナス紳士の顔へ急ズーム,ちりん、ちりん、ころん、ぷるっ,0秒でベル連打開始、3〜10秒でベル・キー・カート・宿泊客反応が連鎖、最後に次の客がベルへ手を伸ばしてループ,ナス紳士が丁寧なお辞儀のまま金ベルを押し、ベルが増え始める,ホテル受付ベルの押しすぎという小さな仕事ミスだと一瞬で分かる,ベル列が扇形に広がり、ルームキーやエレベーターランプ、荷物カートまで反応する,ナス紳士が全部のベルを止めたと思った瞬間、蝶ネクタイにルームキーが引っかかる,次のクロワッサン旅行客が金ベルへ手を伸ばし、また鳴りすぎそうになる,次の宿泊客が同じベルを押す直前で0秒へ戻る,また起きそうなループ,金ベル連続鳴り / ベル増殖,ルームキー扇形、荷物カートゆっくり移動、宿泊客の小さな拍手,小さな仕事ミスの過剰化,失敗がホテルの名物チェックイン合図に変わる,軽い振動、ころん、ゆっくり移動、ふわっと押さえる,中,高,高,中,3Dアニメ風、かわいいシネマ調,プレミアム3Dストーリーブック風,ローアングル、急ズーム、横パン、手元寄り、背景引き,暖色シャンデリア光、金ベルの柔らかい反射,深いナス紫、金色、クリーム色、赤紫カーペット,毎秒変化、ベル増殖、キー滑り、カートころころ、背景リアクション,アールデコ風高級ホテルロビー、受付カウンター、エレベーター、ラウンジ,小さなモーションライン、金色反射、キーのころん軌跡,中,金ベル、ナス紳士の顔、受付カウンターの手元,おっとっと！,失礼いたしました！,ちりん、ちりん,明るく上品なコミカルBGM,ベル音、キーがころん、プリンがぷるっ、カートがころころ,少なめ、上品でやさしい,outputs/codex1/2026_05_12_nasu_bellrush_codex1.txt,outputs/codex2/2026_05_12_nasu_bellrush_codex2.txt,"9:16 vertical composition, cute anthropomorphic food characters only, warm classy luxury hotel lobby, shiny golden hotel reception bell large in foreground, tiny golden bells popping sideways, Nasu Gentleman purple eggplant concierge in black tuxedo and white bow tie mid-polite bow with cute embarrassed smile, room keys spreading on gold tray, pudding guest wobbling, sugar cube bellboy reaching, no humans, no text, no logo.","no humans, no horror, no violence, no danger, no crying, no scary face, no dark mood, no giant danger, no crushing, no suction, no text, no logo, no subtitles, no real brand marks",15秒。0秒で金ベル連打開始。3〜10秒はベル増殖、ルームキー扇形、エレベーターランプ点灯、荷物カートゆっくり移動、宿泊客拍手を毎秒変化。13〜15秒で次のクロワッサン旅行客が金ベルへ手を伸ばしてループ。,GPT Image 2,Seedance 2.0,codex1_to_codex2_food_job_comedy,,,,,,,,,,,,,,,idea,78,職業道具中央、主役顔大きめ、怖くない過剰状況、次の客でループ,ベル増殖が多すぎると情報量過多になるため、脇役は1〜2体に絞る必要がある,3〜8秒でベルだけの反復になると失速するため、キー、カート、エレベーター、宿泊客反応を毎秒変える,ベルのリズムがホテルの名物チェックイン合図に変わる瞬間,主役の顔よりベルの数が目立ちすぎるとナス紳士IPが弱くなる,かわいい職業コントとして0秒理解が早く、危険系よりIP化しやすい,低。ホテル受付ベルとナス紳士の組み合わせで独自性あり,ナス紳士、ルームキーが山盛りになる,0秒は金ベルと顔を大きく、3〜10秒は毎秒小物と背景を変化、13〜15秒は次の宿泊客でループ,かわいい擬人化職業コント / ホテル接客ミス,職業道具中央で小さな失敗が過剰化する,ナス紳士,金ベル連続鳴り、ルームキー扇形、次の宿泊客ループ,"食品キャラ,ナス紳士,ホテル,職業コント,かわいい失敗,YouTube Shorts,ループ",ナス紳士 ホテル ベル 受付 かわいい 食品生活,食品キャラクター ホテルマン ナス コンシェルジュ ベル,"紫のナス,黒タキシード,白蝶ネクタイ,金ベル,ホテルロビー,赤紫カーペット","困り笑い,きょとん,照れ,ほっとする,小さな焦り","職業道具中央,金ベル,小さな仕事ミス,ベル増殖,次の客ループ",,,,,,,,,,
23,idea,,もろこしジョー、応援カードがあふれる,https://youtube.com/shorts/2ky5xmG8aZw,2026/5/12,,ja,YouTube Shorts,食品生活,,Codex6,2026/5/12,食品職業コント,路上ライブ中に応援カードがあふれる小さな仕事ミス,食品生活商店街、夕方、食品キャラクターだけが暮らす優しい世界,温かい、かわいい、明るい、少しドタバタ、安心,きょとん、困り笑い、照れ、ほっとする,かわいい、実は応援されてる、また見たい,YouTube Shorts視聴者、食品生活IPファン,職業道具中央、食品特徴干渉、小さな失敗、次の作業対象ループ,もろこしジョー,焼きとうもろこしの男性路上ミュージシャン,縦長の焼きとうもろこし体、黄色い粒列、緑の皮ジャケット、木製アコースティックギター、売れてないが歌い続ける照れ屋,ぽこワッフル、クッキー商店主、ミズハカワセミ、ミニトマト園児,,商店街でジョーをそっと応援する食品住民たち。失敗しても責めず見守る関係。,5,ギターケースに応援カードがあふれる,一曲目を弾く前に、開いたギターケースへ無地の応援カードが一斉に入りすぎて扇形にあふれる,売れてないはずのジョーに、なぜこんなに応援カードが集まるの？,ギター、ジョーの顔、開いたケース、飛び込むカードが中央で一瞬に読め、過剰なのに温かい,手前のギターケースから無地の応援カードがふわっとあふれ、奥でジョーが目だけきょとんとしている,夕方の商店街で、もろこしジョーがギターを構えた瞬間、開いたケースに応援カードが入りすぎる。ぽこワッフルとクッキー商店主が小さく二度見。,ジョーが一曲目のコードを鳴らそうとした瞬間、無地の応援カードがケースへ3枚同時に入り始める,ギターケース手前ローアングルからジョーの顔とギターへ軽く急ズーム,紙がふわっ、ギター弦のぽろん、店先ランプのぽん,0秒で応援カードがあふれ、3〜10秒でカード、弦、街灯、脇役反応が毎秒変化し、失敗が商店街の名物ライブ演出になる,ジョーが夕方商店街で一曲目を弾こうとする,応援カードがギターケースに入りすぎる路上ライブの小さな仕事ミスだと分かる,カードが弦に引っかかって音を鳴らし、店先ランプまでリズムに合わせて点く,応援カードがケース内で小さな客席のように半円に並び、ジョーが照れながら一音弾く,ぽこワッフルが次の無地応援カード束を差し出し、先頭の1枚がまたケースへ落ち始める,次の応援カード束が同じ小ミスを起こしそうになるループ,名物化した直後に次のカードで0秒へ戻る,応援カードがギターケースにあふれる,カードがギター弦に引っかかってリズムになり、店先ランプが曲に合わせて点く,通常サイズ、小物の物量だけ0秒で過剰,失敗したカード雪崩が小さな客席と伴奏に変わる,軽い紙の飛散、弦の小さな振動、ふわっと跳ねるカード,中,高,中〜高,中,3Dアニメ風、かわいいシネマ調,プレミアム3Dストーリーブック風、温かい食品キャラクター,ローアングル、急ズーム、手元アップ、横パン、軽い引き、最後に手元へ戻る,夕方の斜光、暖色店先ランプ、暗くない商店街の光,とうもろこし黄色、緑の皮、木製ギター茶色、夕方オレンジ、店先ランプ金色、赤いポスト,カード飛散、弦振動、店先ランプ点灯、脇役二度見、背景小物の揺れ,食品生活商店街、クリーム色の店先、ミントグリーンの庇、赤いポスト、石畳、丸い街灯,紙カードの薄いモーションライン、柔らかいランプ点灯、弦の小さな振動,中。主役と道具を大きく、脇役は小さく整理,もろこしジョーの顔、木製ギター、開いたギターケース、あふれる応援カード,一曲、焼きたてでいきます,今日のアドリブです,ふわっ、ぽろん、ぽん,温かい夕方の軽いアコースティックBGM。不穏BGM禁止,紙のふわっ、弦のぽろん、ランプのぽん、ポストのぱたん、小さな拍手,少なめ、やさしい日本語の小声リアクションのみ。中国語音声は禁止,outputs/codex1/2026_05_12_morokoshi_cards_codex1.txt,outputs/codex2/2026_05_12_morokoshi_cards_codex2.txt,"9:16 vertical composition, cute anthropomorphic food characters only in the warm evening Foodlife shopping street. Center large: Morokoshi Joe, a grilled corn cob street musician with yellow kernels, green husk jacket, wooden acoustic guitar and open guitar case. Many small blank support cards flutter into the case and overflow in a fan shape. One card catches on the guitar strings. Poko Waffle and a cookie shopkeeper react gently. Warm sunset light, red mailbox, stone pavement, no text, no logo, no humans.","human, realistic human, text, logo, subtitles, Chinese subtitles, Chinese voice, horror, danger, violence, crying, screaming, scary face, humiliation, dark alley, guitar destruction, food being eaten, giant danger, crushing, suction, unpleasant sound, AI artifact","Create a 15-second 9:16 cute anthropomorphic food workplace comedy video. Main character: Morokoshi Joe, a grilled corn cob street musician in the warm evening Foodlife shopping street. No humans, no text, no logo. Start with Joe about to strum his wooden acoustic guitar as small blank support cards suddenly flutter into the open guitar case. 0-3s show the cards overflowing and one catching on the strings. 3-6s change every second: Joe removes a card, it plucks the string, shop lights turn on, Poko Waffle offers another card, cookie shopkeeper slides a card tray. 6-10s cards bounce with rhythm, corn silk catches one card, mini tomato kids keep rhythm, shop lights blink warmly. 10-13s the mistake becomes a cute card-audience accompaniment and Joe smiles shyly. 13-15s Poko Waffle offers the next card stack; the top card falls toward the case, looping to the first frame. Keep it warm, cute, safe, no horror, no crying, no danger.",GPT Image 2,Seedance or equivalent short video model,codex1_to_codex2_to_csv,"9:16, 15s, bright warm cute comedy, no captions, no humans",,,,,,,,,,,,,,idea,86,職業道具のギターとケース、食品キャラの顔、応援カードの小さな異常が0.5秒で読める。失敗が温かい名物化へ変わる。,3〜8秒でカードが揺れるだけになると単調。背景と脇役とカメラ変化が不足すると弱い。,4〜7秒でカード追加だけが続く地点,10〜13秒で応援カードが小さな客席のように並び、ジョーが照れながら一音弾く瞬間,カードの量が多すぎてジョーの顔やギターが小さく見える場面,0秒理解と温かいループが成立すれば、かわいい職業コントとして初動停止を狙える,低い。音楽キャラの応援カード名物化で既存の巨大危険系と差別化,もろこしジョー、パプリカレオが後ろで聴いている,3〜10秒はカード、弦、街灯、脇役、カメラを毎秒変え、13〜15秒で次のカード束を出す,夕方商店街ライブ、応援が名物化する温かい職業コント,ギターケースに応援カードがあふれる,もろこしジョー,応援カードがギターケースにあふれ、弦に引っかかってリズムになる,食品キャラ;職業コント;もろこしジョー;路上ライブ;商店街;かわいい失敗;Shorts,もろこしジョー 路上ライブ 応援カード 商店街 食品キャラ かわいい,食品キャラ ショート動画 とうもろこし ミュージシャン かわいい 職業コント,"grilled corn cob, acoustic guitar, open guitar case, blank support cards, evening shopping street, red mailbox, warm shop lights","きょとん,困り笑い,照れ,ほっとする,応援,温かい","職業道具中央,ギターケース,応援カード,小さな失敗,0秒だけ過剰,ループ",,,,,,,,,,
24,idea,,アフロブロッコリー、切った前髪がミニアフロ行列,https://youtube.com/shorts/9ISjtQ5CXcU,2026/5/13,,ja,YouTube Shorts,食品生活,,Codex,2026/5/13,かわいい職業コント,美容師の小さな失敗,食品だけが暮らす明るい商店街の美容院,"明るい,かわいい,安心",困り笑い,"かわいい,何してるの,また見たい",Shorts一般視聴者,"擬人化食品,職業あるある,小さな異常",アフロブロッコリー,"食品キャラクター,美容師",得意げだが少しそそっかしい,"カリフラワー客,レモン見習い,ぽこワッフル",,美容師と客と見習い,4,美容師がカットした前髪が全部ミニアフロになって鏡台に並ぶ,切った前髪の房が床に落ちず小さなミニアフロになる,切った髪がなんでアフロになるの？,職業道具と顔が大きく見え小さな異常が一瞬で分かる,"ハサミ,コーム,鏡台のミニアフロ行列",丸鏡前のアフロブロッコリーがハサミを持ち鏡台にミニアフロが並ぶ,ハサミがチョキンと閉じて前髪房がぽんとミニアフロ化,"9:16正面近め,顔と手元を大きく","チョキン,ぽん","0秒で異常提示,毎秒ミニアフロが動き,仕上げに変わり,次の客でループ",美容院でカリフラワー客をカット中,切った髪がミニアフロになると分かる,ミニアフロが整列し小物や予約カードにも乗る,ミニアフロが客の前髪に馴染みチャームポイントになる,次の客が入りハサミを構えて同じ小ミスが起きそうになる,次の客ループ,未完ループ,前髪ミニアフロ化,"二度見,鏡ライト点灯,トレー整列",小さな異常,髪房がミニアフロに変化,"ふわっと軽い,ぽんと弾む",2,9,8,4,シネマ調3D絵本,かわいい食品キャラ3D,スマホ向け近距離正面,暖かい丸鏡ライトと柔らかい窓光,"深緑,ミントグリーン,クリーム,白","毎秒小さく変化,跳ねる,二度見",清潔で明るい美容院,"小さなぽんエフェクト,柔らかい反射",中,"アフロブロッコリーの顔,ハサミ,ミニアフロ行列",最高じゃん？,やりすぎたかも,"チョキン,ぽん",明るく軽いコメディBGM,"チョキン,ぽん,ころん,さっ","短い小声,セリフ少なめ","職業が0.3秒で分かる食品キャラ職業コント,過去と被らない小さな異常","0秒の空気感を維持し15秒で毎秒変化,13〜15秒で次の客ループ","9:16縦長,文字なし,食品キャラクターだけの明るい美容院,中央にアフロブロッコリー,安全ハサミとコーム,鏡台にミニアフロ行列,カリフラワー客,レモン見習い,ぽこワッフル,暖かい光,かわいい3D絵本調","human, real person, text, logo, subtitle, horror, violence, blood, injury, painful haircut, scary scissors, crying, screaming, dark lighting, humiliation, giant danger, crushing, suction, low quality","15秒9:16,0秒でハサミのチョキンとミニアフロ化,毎秒手元や表情や小物を変化,怖くせずかわいい美容院コント,13秒から次の客でループ",GPT Image 2,Seedance,codex1_to_codex2_to_csv,"9:16,no text,food characters only",,,,,,,,,,,,,,,,0秒で美容師と小さな異常が分かり職業あるあるをかわいく見せられる,,中盤でミニアフロの変化が少ないと失速,切った前髪がぽんとミニアフロになる瞬間,説明が増える場面,かわいい職業コントとループでShorts維持率を狙う,擬人化食品コメディ系,次の客の髪も別の食品形に変わる美容院シリーズ,3〜10秒の変化を毎秒入れ主役の顔と道具を常に大きく見せる,"美容師シリーズ,客食品違い,髪型違い",切った髪が別食品の形になる,アフロブロッコリー,ミニアフロ整列,"食品生活,アフロブロッコリー,美容院,職業コント,かわいい失敗","アフロブロッコリー,美容師,ミニアフロ,カリフラワー,食品キャラ",食品キャラ 美容院 コント アフロ,"ハサミ,コーム,丸鏡,白いケープ,ミニアフロ行列","かわいい,困り笑い,安心,二度見","美容師,切った髪,ミニアフロ,小さな異常",,,,,,,,,,
25,idea,,ブラックコーヒー社長、終電メモまみれ,,2026/5/13,,ja,YouTube Shorts,食品生活,,Codex,2026/5/13,職業コント,深夜オフィス,社長室,"静か,温かい",困り笑い,"優しい,かわいい",Shorts一般,職業道具ミス,ブラックコーヒー社長,食品社長,厳しいが優しい,"クッキー社員,マフィン社員,ゼリー経理",,社長と社員,4,顔に終電メモ,終電メモが顔に貼りつく,なぜ顔にメモ？,顔とメモが大きい,黒カップ顔と黄色メモ,社長の顔に終電メモ,ふせんが湯気で飛ぶ,近距離ローアングル,"ぴた,ぽっ",終電メモ連鎖ループ,深夜の終電管理,帰らせたい優しさ,メモが増える,毛布を差し出す,次の報告書とメモ,次報告書ループ,再発予感,終電メモ顔貼り,"毛布,角砂糖,湯気",小さな仕事ミス,メモが帰宅ルート化,ふわっと貼る,3,8,8,3,3D絵本,シネマ調3D,"顔アップ,手元パン",夜景と暖色ライト,"黒,黄,青,白",毎秒小物連鎖,雨の高層オフィス,"湯気,雨反射",中,"顔,終電メモ,時計",終電は、守れ。,帰れの優しさ,ぴた,静かなコメディ,"ぴた,ころん,ぽっ",低く短い,0秒終電メモ,15秒メモ連鎖,"黒いコーヒーカップ社長,黄色い終電メモ,終電時計,毛布,雨の深夜オフィス","human,horror,violence,shouting,crying,logo,text,black-company","15秒,終電メモが顔から時計と毛布へ連鎖,次の報告書でループ",GPT Image 2,Seedance,codex1_to_codex2_to_csv,"9:16,no text,food only",,,,,,,,,,,,,,,,顔と道具と優しさが即伝わる,暗すぎると怖く見える,中盤がメモだけだと弱い,毛布を差し出す瞬間,メモ移動だけの場面,職業コントで維持率狙い,食品職業コメディ,角砂糖タワー差し入れ,毎秒小物を変える,深夜オフィス名物,顔に仕事メモ,ブラックコーヒー社長,終電メモ連鎖,"食品生活,ブラックコーヒー社長,社長,終電メモ,職業コント","ブラックコーヒー社長,終電,ふせん,毛布,深夜オフィス",食品キャラ 社長 終電 メモ,"黒カップ,黄色ふせん,銀縁メガネ,湯気,夜景","優しい,困り笑い,安心,照れ","終電メモ,顔貼り,小さな仕事ミス",,,,,,,,,,
26,idea,,レンコン親方、線が穴で点線になる,,2026/5/14,,ja,YouTube Shorts,Food Life,,Codex,2026/5/14,職業コント,食品キャラ工事現場,食品生活,明るい,困り笑い,かわいい,一般Shorts,,レンコン親方,レンコン輪切り,安全第一,ミニポテト作業員,,親方と作業員,3,チョークライン点線化,白線が穴で点線,なぜ線が途切れる,職業道具と穴,親方顔と点線,糸ぱちん白線点線,チョーク糸ぱちん,ローアングル急ズーム,ぱちん ぽふ,小ミス名物化ループ,線引き失敗,穴で点線化,点線が増える,確認ライン化,次の図面小包,次作業ループ,再挑戦直前,チョークライン,レンコン穴,小さな仕事ミス,失敗が通路化,粉と糸の反動,3,9,8,5,3Dアニメ風,かわいいシネマ調,ローアングル追従,明るい朝光,クリーム黄青白,毎秒小物変化,清潔な工事現場,チョーク粉,中,顔とチョーク糸,穴まで確認,よし安全第一,ぱちん,軽い作業BGM,ぽふ ころん ぴか,少なめ,2026_05_14_renkon_chalkline_codex1.txt,2026_05_14_renkon_chalkline_codex2.txt,レンコン親方の点線工事,人間 ホラー 危険 怪我 破壊 暗い,チョークラインが穴で点線化し名物化,GPT Image 2,Seedance,codex1_to_codex2_to_csv,9:16 no text,,,,,,,,,,,,,,idea,82,職業道具と食品特徴が直結,線だけだと単調化,3〜8秒の変化不足,点線が確認ライン化,白線増加だけの場面,かわいい職業コント向き,低,安全コーンが再び穴へ,小物変化を毎秒追加,工事現場の小ミス,職業道具が穴に干渉,レンコン親方,チョークライン点線,食品キャラ|工事現場|職業コント|小さな失敗,レンコン親方 チョークライン 点線,食品キャラ 工事現場,黄色ヘルメット 白い点線,困り笑い きょとん 照れ,職業道具中央 食品特徴干渉,,,,,,,,,,
27,idea,,フルリーナ・タルト、カチンコが波型に引っかかる,,2026/5/16,,ja,YouTube Shorts,食品生活,,Codex,2026/5/16,コメディ,食品キャラクターの職業コント,食品だけが暮らす優しい世界。人間は登場しない。フルリーナ映画撮影現場で本番前の小さな失敗が起きる。,"明るい,かわいい,上品,安心感","照れ笑い,困り笑い,小さな安心",かわいい。何してるの？本番前なのにカチンコが引っかかってる。,"YouTube Shorts視聴者,Food Lifeファン",,フルリーナ・タルト,フルーツタルトの映画女優,"華やかだが威張らない,上品,小さな失敗を優しく受け止める","マフィン助監督,ゼリーカメラマン,ミント葉照明係",,映画撮影現場の主役女優と食品スタッフ。小さなNGを責めずに一緒に受け止める。,4,カチンコが波型に引っかかる,本番直前、小型カチンコ3枚がフルリーナ・タルトの波型タルト生地にきれいに引っかかっている,本番直前なのに、カチンコがタルトに引っかかってる？,フルーツタルト女優の大きな顔、映画撮影のカチンコ、波型タルトに引っかかる小さな失敗が同時に見える,華やかなフルーツタルト女優の顔の横で、無地のカチンコがタルト生地に3枚も並んで引っかかっている,9:16縦長。中央に照れ笑いするフルリーナ・タルト。顔の横に無地の小型カチンコがあり、波型タルト生地に3枚連結して引っかかる。奥でマフィン助監督とゼリーカメラマンが小さく二度見。文字なし、ロゴなし、人間なし。,0秒でカチンコがすでにタルト生地に引っかかり、直後に1枚だけカチンと揺れて果物冠がぷるっと反応する,超近距離の胸上寄り。0.5秒で顔、カチンコ、波型タルト生地が見える。背景は映画現場と分かる程度にぼかす。,小さなカチン、軽い木の音、周囲の食品スタッフの小さなあっという空気,0秒でカチンコが波型タルトに引っかかる。3〜10秒で手元、果物冠、照明、カメラ、脇役反応が毎秒変化。10〜13秒でかわいい名物化。13〜15秒で次のカチンコが近づきループ。,映画撮影現場でフルリーナが女優ポーズを取るが、カチンコ3枚が波型タルト生地に引っかかっている,カチンコ、低いカメラ台、スポットライト、台本カードで映画撮影現場だと理解できる,外れかけたカチンコが次の波型にすぽっと移動してしまう,フルリーナが上品な笑顔で現場を安心させ、カチンコの跡がかわいい名物のように並ぶ,新しいカチンコがまた波型タルト生地へ近づき、0秒の引っかかりに戻る,次のカチンコが同じ波型にまた引っかかりそうになるループ,次の本番前に同じ小さな失敗が起きそうな予感で戻る,小型カチンコが波型タルト生地に引っかかる,"果物冠がぷるっと反応,台本カードがぱたぱた揺れる,ゼリーカメラが小さく揺れる,照明布で光が変わる",等身大,小さな仕事ミスの名物化,"軽い木の接触,ぷるっとした食品反応,安全な小物連動",3,9,7,4,かわいいシネマ調,3D storybook cinematic,"9:16縦長,胸上寄り,ややローアングル,軽い寄りと小さなパン",夕方寄りのやわらかいスタジオライト,"黄金色,カスタードクリーム,果物の赤緑青紫オレンジ,金色ショール,クリーム色セット,白黒カチンコ","毎秒変化,小物連動,表情変化,背景小物の揺れ",木目床とクリーム色壁のフルリーナ映画撮影現場。低いカメラ台、丸いリフレクター、スポットライト、台本カード。,"果物冠のぷるっと反応,タルト波型に沿う小さな光跡,やわらかいスポットライト",中,フルリーナの顔と波型タルト生地に引っかかったカチンコ,,,カチン,明るく軽いテンポのやさしいコメディBGM,"カチンコの軽い木音,台本カードのぱたぱた,カメラ台のぷるっ,小さなリアクション音",セリフなし。表情と手元で理解。,outputs/codex1/2026_05_16_flurina_clapper_codex1.txt,outputs/codex2/2026_05_16_flurina_clapper_codex2.txt,"9:16 vertical YouTube Shorts first-frame reference image, cute anthropomorphic food characters only, no humans, no text, no logo. Center: Flurina Tarte, a cute fruit tart movie actress with a round golden scalloped tart crust body, smooth pale custard face, colorful fruit crown, elegant red scarf, gold shawl, white gloves. Three small blank clapperboards are harmlessly stuck in a neat row along the scalloped edge of her tart crust, right beside her face and body. Muffin assistant director does a small double take, jelly camera operator leans from a low camera stand, mint leaf lighting helper holds a soft diffuser cloth. Warm safe Food Life movie set, wooden floor, cream walls, soft spotlights, storybook 3D cinematic style.","humans, real actors, celebrity likeness, readable text, subtitles, logo, horror, dark suspense, danger, violence, broken food, eaten food, crying, screaming, fear face, paparazzi, scandal, arrogant actress, too many background characters, giant machinery, crushing, sucking in, falling, injury, cluttered background","15-second 9:16 cute Food Life movie-set comedy. 0s clapperboards already stuck in Flurina Tarte scalloped tart crust. 0-3s show face, clapperboards, tart edge, assistant director double take. 3-10s change every second: fruit crown jiggle, clapper sound, camera push, script cards flutter, clapperboard shifts to next scallop, lighting softens, side characters nod. 10-13s Flurina gently removes clapperboards and makes the mistake feel charming. 13-15s a new clapperboard approaches the same tart edge and loops back to the opening. Bright, safe, no humans, no text, no horror, no crying.",GPT Image 2,Seedance 2.0,codex1_to_codex2_to_csv,"9:16,15s,no text,no logo,food characters only",,,,,,,,,,,,,,idea,72,職業道具のカチンコと食品特徴の波型タルト生地が中央で干渉し、0.3秒で映画撮影の小さな失敗として分かる。怖くなく、フルリーナの照れ笑いでかわいい名物化できる。,カチンコの揺れだけが続くと単調になるため、果物冠、台本カード、照明、カメラ、脇役反応を毎秒変える必要がある。,3〜7秒でカチンコだけを見せ続けると離脱しやすい,カチンコが次の波型へすぽっと移動し、フルリーナが照れ笑いする瞬間,背景や脇役が動かず、撮影現場が静止して見える瞬間,職業道具中央、食品特徴との干渉、かわいい小ミス、自然なループによりショートフィードで止まりやすい,食品擬人化職業コント。巨大危険系とは差別化。,フルリーナ・タルト、台本カードが果物冠に並びすぎる,3〜10秒は毎秒、手元・小物・光・脇役・カメラのどれかを必ず変化させる,映画撮影現場の小さなNGシリーズ,フルリーナ・タルト、カチンコが波型に引っかかる,フルリーナ・タルト,カチンコが波型タルト生地に引っかかる,"食品生活,フルリーナ・タルト,映画撮影,職業コント,かわいい失敗,Shorts,ループ","フルリーナ・タルト,フルーツタルト,映画女優,カチンコ,撮影現場,食品キャラクター",フルリーナ タルト 映画撮影 カチンコ 食品キャラクター Shorts,"フルーツタルト女優,波型タルト生地,無地カチンコ,果物冠,金色ショール,映画撮影現場","照れ笑い,上品,安心,かわいい,小さな失敗","職業道具中央,食品特徴干渉,カチンコ,波型タルト,小さな仕事ミス,0秒理解",,,,,,,,,,
